,Headline
0,کراچی اردو پوائنٹ اخبارتازہ ترین این این ئی 08 نومبر2019ءملکی کرنسی مارکیٹوں میں بدھ کوپاکستانی روپ�
1,کراچیاردو پوائنٹ اخبار تازہ ترین14دسمبر 2014ءگل احمد فلم میں ندیم ملک کے ساتھ کام کرنے کے بعد فلم گھن چ
2,لاہوراردو پوائنٹ اخبارتازہ ترین لائن 17 اپریل2018ء نامور اداکارہ ماڈل ریچل خان نے کہا ہے کہ فلم انڈسٹری
3,لاہوراردو پوائنٹ اخبارتازہ ترین لائن 11 جنوری2017ءپاکستان اورجنوبی افریقاکی کرکٹ ٹیموں کے مابین ون ڈے
4,قائد اعظم ٹرافی کے تیسرے رانڈ کے چوتھے دن سنٹرل پنجاب کی دوسری اننگز میں بلوچستان نے ایک سو ا
5,اسلام باد اردو پوائنٹ اخبارتازہ ترین اے پی پی 22 جون2020ء اداکارہ یشما گل کا نیا برائیڈل فوٹو شوٹ جاری ک
6,لاہورکامرس رپورٹر سارک چیمبر کامرس اینڈ انڈسٹری کے نائب صدر افتخار علی ملک نے جنوبی ایشیا کی ب
7,لاہورکامرس رپورٹرچیئرمین برائلر گوشت اور دالوں کی درمد میں رکاوٹیں ڈالنے کے لئے فوری اقدامات ک
8,ڈربن اردو پوائنٹ اخبارتازہ ترین اے پی پی 19 جنوری2020ء جنوبی افریقہ اور نیوزی لینڈ کی کرکٹ ٹیموں �
9,لاہور کلچرل رپورٹر معروف فلمساز ہدایتکار مسعود بٹ نے اپنی نئی ڈرامہ سیریل عہد وفا کی ریکارڈنگ م�
10,لاہوراردو پوائنٹ تازہ ترین اخبار8نومبر2019ء ئی سی سی کی جانب سے ٹی ٹونٹی کرکٹ کی ٹاپ ٹیموں میں شمول
11,لاہور کامرس رپورٹر میاں چنوں صنعتکار نے مسلسل چوتھے کاروباری دن کے دوران لاہور میں افسران کی سہولت
12,لاہور کامرس رپورٹر انسپکٹر جنرل پنجاب اور پاکستان ٹریڈرز ایسوسی ایشن کے تعاون سے تین روزہ انٹرن�
13,نئی دہلی نیٹ نیوز اکثر میں حیرت انگیز انداز میں یہ کہنا چاہتا ہوں کہ اپنے میں کامیابیو�
14,ڈائریکٹرشہریارمنوراوراسٹیج ڈرامہ رشتہ کے لئے اداکارہ سارہ خان کا انتخاب دونوں اداکاراں کیل�
15,اسلام باداردو پوائنٹ اخبارتازہ ترین لائن 16 دسمبر2017ء پاکستان ریلوے نے مسافروں کو اپنی بجلی دور روکنے کے 
16,کراچی کرکٹ ورلڈکپ میں قومی ٹیم کی فتح کا جشن نیشنل اسٹیڈیم کراچی میں جاری ہے جہاں شائق�
17,ویب ڈیسک 13 مئی 2018 معروف اداکار اظفر رحمن نے کہا ہے کہ وہ ڈرامہ انڈسٹری کے برے دن کریں گے ڈرام
18,فیس بک کی جانب سے صارفین کے لیے لچکدار ویڈیو جاری کی جائے گی کراچیمشہور زمانہ بینڈ ون ٹو �
19,لاہورسپورٹس ڈیسک ورلڈ کپ 2019ء میں ناک مرحلے کے دوران بنگلہ دیش نے افغانستان کو7 وکٹوں سے ہرا دی
20,لاہور سٹاف رپورٹر پاکستان انجمن تاجران نے تاجران کے ساتھ انتخابی جلسہ سے خطاب کرتے ہوئے کہا کہ
21,پشاور بی بی سی خیبر پی کے کے اضلاع میں باپ کے ساتھ دہشت گردی کی متاثرہ بچی کے واقعے کی تح
22,لاہور کامرس رپورٹرصوبائی وزیر خزانہ ڈاکٹر عائشہ غوث پاشا نے جاپان کے ساتھ بلاک اینڈ بزنس کونسل
23,کراچی اردو پوائنٹ اخبارتازہ ترین اے پی پی 19 اگست2020ء پاکستان انسٹیٹیوٹ اف ہاکی کے سیکریٹری جنر
24,دبئی این این ئیسابق پاکستانی کپتان شاہد فریدی کے بیٹے اعظم خان رواں سال شادی کے بندھن میں بندھ
25,لاہورائی این پیپاکستان کرکٹ بورڈ کے سابق چیئرمین چودھری ذکاء اشرف نے کہا ہے کہ چیف سلی
26,وزیر اعظم کو نوٹس دیا جائے کہ سی این جی کی فروخت بجٹ سے تین ماہ میں فروخت پر پیش کی جائے وزی
27,اسلام اباد بیجنگ اردو پوائنٹ اخبارتازہ ترین اے پی پی 08 جنوری2020ء پاکستان اور جاپان کے مابین تجارت کے حج
28,ممبئی ویب ڈیسک بھارت کے معروف اداکار اوم پوری کی جانب سے بھارتی ٹی وی کو ملنے والے لفظوں میں انتہا
29,زیورخاردو پوائنٹ اخبارتازہ ترین ئی این پی 22 جولائی2017ء فیفا کی ڈریم ٹیم کے کھلاڑیوں کی نئی گ
30,ٹوکیو 13 فروری اے پی پی ٹوکیو سٹاک ایکسچینج میں جمعہ کو تیزی کا رجحان رہا اور کاروباری سرگرم
31,لندننیوز ڈیسک ورلڈ ہاکی لیگ سیمی فائنل ٹورنامنٹ میں پاکستانی ٹیم نے اپنے تیسرے میچ میں اس جیت 
32,اسلام اباد اردو پوائنٹ اخبارتازہ ترین اے پی پی 03 ستمبر2018ء رواں مالی سال کے دوران فوجی فرٹیلائزر کمپنی ای
33,ممبئی اردو پوائنٹ اخبارتازہ ترین اے پی پی 15 مارچ2018ء بالی وڈ اداکار سلمان خان کے دو نئے گانے کی مصروفی
34,لاہور سپورٹس رپورٹر نمائندہ سپورٹس پاکستان کرکٹ ٹیم کے سٹار کرکٹر عمر اکمل نے اپنا انٹرنیشنل �
35,قاہرہ جولائی اردو پوائنٹ اخبار تازہ ترین 02 جولائی2015ء افریقہ نے کہا ہے کہ سال رواں کے پہلے نو ماہ 
36,ممبئی اردو پوائنٹ اخبارتازہ ترین اے پی پی 04 مارچ2018ء بالی وڈ فلم یہ جوانی ہے دیوانیکا پہلا پوسٹر جاری 
37,سابق ٹیسٹ کرکٹرعاقب جاویدنے پی سی بی کو اسپاٹ فکسنگ میں ملوث کرکٹرز کے خلاف ایکشن پلان کی
38,کراچیاردو پوائنٹ اخبارتازہ ترین لائن 01 مارچ2019ءبیرون ملک مقیم پاکستانیوں نے جاری مالی سال کے پہلے دس ماہ �
39,بیجنگ سپورٹس ڈیسک چین میں مارٹن گپٹل اور سپین کی ہی اگ کی جڑواں بچوں کیلئے فٹبال کھیل
40,اسلام باد این این ئیپاکستان تھرو بال فیڈریشن کے زیراہتمام اور پنجاب تھرو بال ایسوسی ایشن کے تعاون س
41,لاہوراردو پوائنٹ اخبارتازہ ترین لائن 26 اگست2017ء ترجمان محکمہ زراعت پنجاب نے کہا ہے کہ موسم گرما کے دورا
42,سوات نوائے وقت رپورٹ سوات کے قریب دوران دیہاتیوں نے ڈاکو کو کھیلتے ہوئے لیویز پر حملہ کر دیا
43,لاہور مانیٹرنگ ڈیسک پاکستان کرکٹ بورڈ نے کرکٹرز کی دوڑ میں مسلسل پانچویں شکست کے بعد کرکٹ �
44,پاکستان ٹیلی کمیونیکیشن اتھارٹی پی ٹی اے نے جنوری 2020 کے دوران ملک میں سماجی رابطوں کی سائٹ فی
45,انٹربینک میں ڈالر چھبیس پیسے سستاہوگیا اوپن مارکیٹ میں ڈالر ایک روپے ستتر پیسے سستا ہوکر ترانو�
46,کراچی سپورٹس رپورٹر پاکستان فٹ بال فیڈریشن کے ہیڈ فس لاہور میں دودا خان نے کہا ہے کہ پاکستان
47,وفاقی وزیر برائے سائنس ٹیکنالوجی فواد چوہدری نے نئے منصوبوں کی تعمیر کیلئے نیکسٹ یعنی جون 2016 ت
48,فیصل باد ستمبر اردو پوائنٹ اخبار تازہ ترین 08 ستمبر2015ء محکمہ زراعت کی جانب سے فاسفورس پوٹھوار سے کپاس ک
49,اسلام باد اردو پوائنٹ اخبارتازہ ترین لائن25 جولائی2016ء پاکستان کی قومی خواتین ٹینس ٹیم ساتھ ایشین ریجنل 
50,کراچی اردو پوائنٹ تازہ ترین اخبار 21فروری 2014ءسیکیورٹیز اینڈ ایکسچینج کمیشن پاکستان کی جانب سے �
51,کیلیفورنیا 19 جولائی 2019 موبائل فون پریٹنگ سسٹم کی بیٹری چارج کرنے کے لیے نت نئے فیچر بھرا ہوتا 
52,ملتاناردو پوائنٹ اخبار تازہ ترین 13اپریل2015ء پاکستان کرکٹ ٹیم کے سابق فاسٹ بالر شعیب اختر نے کہا ہے ک�
53,مانچسٹر نیوزی لینڈ سے وارم اپ میچ میں پاکستانی ٹیم کی پوزیشن مستحکم ہوگئی انگلینڈ نے بھارت 
54,ویلنگٹناردو پوائنٹ اخبارتازہ ترین لائن 17 مارچ2017ء نیوزی لینڈ کرکٹ بورڈ نے پاکستان کیخلاف ہوم سیری
55,لاہور معروف بالی ووڈ اداکارہ نرگس فخری اور اداکار اظہار قاضی کی مشترکہ پریس کانفرنس کا انعقاد کیا �
56,میلبورناردو پوائنٹ تازہ ترین اخبار14جنوری 2015ء سابق سٹریلوی کرکٹر جارج بیلی نے کہا ہے کہ وہ گھٹن
57,ممبئی اردو پوائنٹ اخبارتازہ ترین این این ئی 07 فروری2019ء ائندہ برس شیڈول ائی سی سی ویمنز ورلڈ ٹی ٹونٹی 
58,کراچی اردو پوائنٹ اخبارتازہ ترین اے پی پی 22 مارچ2017ء عالمی ایوارڈ یافتہ پاکستانی فلمساز شرمین عبید چنا�
59,لاہوراردو پوائنٹ اخبارتازہ ترین لائن 01 اکتوبر2018ءشہر میں پرچون سطح پر برائلر گوشت کی قیمت 11روپے اضافے �
60,بیجنگاردو پوائنٹ اخبارتازہ ترین لائن 01 مئی2019ءچین کی تیار کردہ ساز کمپنی ویوو کو کہا گیا ہے کہ �
61,لاہورئی این پی فلم سٹار ریما خان نے کہا ہے کہ پاکستان اور بھارت کے درمیان کشیدگی کی بنا پر فل
62,بیٹسمینوں کی ففٹیز اور ٹیم میں شامل بیٹسمین نے وکٹ پر شاندار کارکردگی کا مظاہرہ کیا فوٹو پی
63,لاہور ڈیلی پاکستان لائن انگلینڈ کرکٹ ٹیم کے کپتان ئن مورگن نے کہا ہے کہ انگلینڈ پاکستان کے
64,لاہور کلچرل رپورٹر اداکار جنید خان ترک سیریز ارطغرل غازی کے پاکستان میں نشر ہونے جا رہے ہیں ا
65,فائل فوٹوممبئیبھارتی اداکارہ سنی لیون نے فلم جسم ٹومیں کام کرنے کیلئے مشن امپوسیبل سیٹ تیار ک
66,لاہوراردو پوائنٹ اخبارتازہ ترین ئی این پی 05 مئی2018ء بلے باز کامران اکمل نے قائد اعظم ٹرافی میں سندھ کی
67,ممبئیویب ڈیسک پاکستان کی معروف اداکارہ صبا قمر کی بالی ووڈ ڈیبیو فلم ہندی میڈیم ریلیز کے پہل�
68,میلبورناردو پوائنٹ اخبارتازہ ترین لائن 09 نومبر2019ء رگبی لیگ ورلڈ کپ 2019ئ کا میلہ انگلینڈ اور نیوزی لینڈ
69,لاہورسپورٹس رپورٹر سابق چیئرمین پی سی بی اعجاز بٹ نے کہا ہے کہ جسٹس قیوم کی سربراہی میں سا�
70,لاہور پاکستان سپر لیگ کے تیسرے ایڈیشن کے لیے چھٹی ٹیم کا اعلان کردیا گیا جس میں افتتاحی ت
71,اسلام اباد اردو پوائنٹ اخبارتازہ ترین این این ئی 05 جون2019ء اسلام اباد یونائیٹڈ اور پشاور زلمی کے درمیان نم
72,جرمنی سے تعلق رکھنے والی ٹاپ کمپنی نے دنیا کی سب سے سستی ٹیکنالوجی کو تیار کیا ہے جسے جرمنی 
73,میلبورنائی این پی سٹریلیا نے پانچویں اور اخری ون ڈے میچ میں جنوبی افریقہ کو وکٹوں سے شکست دے 
74,سلانوالی18 اگستاردو پوائنٹ اخبارتازہ ترین اے پی پی18 اگست2016ءزرعی ماہرین نے دھنیا کی پچھیتی کا شت ک�
75,بالی ووڈ سلطان سلمان خان کی فلم ریس تھری نے اپنی ریلیز کے پہلے دن سری دیوی کی فلموں کو دھوم مچا�
76,ویلنگٹن اردو پوائنٹ اخبارتازہ ترین اے پی پی 14 جنوری2020ء جنوبی افریقہ اور نیوزی لینڈ کی خواتین ٹیم
77,جارج ٹان نیوزی لینڈ نے پاکستان کے خلاف تیسرے اور اخری ٹیسٹ میچ کے لیے 14 رکنی اسکواڈ کا اعلان 
78,لاہور کامرس رپورٹرپاکستان فلور ملز ایسوسی ایشن پنجاب کے چیئرمین ریاض اللہ خان گروپ لیڈر عاصم رضا م
79,لاہور کلچرل رپورٹر اداکارہ افرین پری کا نیا سٹیج ڈرامہ سیلی اپنا دیناں بھر کے پانچ تھیٹر م�
80,کراچی اسٹیٹ بینک نے ائندہ دو ماہ کیلئے شرح سود کو کم کرکے سات فیصد کردیا جس کے تحت مانیٹری
81,کراچی ئی این پیقومی ٹیم کے سابق کپتان شاہد فریدی کراچی کے نجی ہوٹل میں اپنی سالگرہ منائی�
82,لاہور شوبزڈیسک تھیٹر کی نامور اداکارہ مہک نور نے کہا ہے کہ حکومت نے تھیٹر ڈرامے اور فلم کی
83,اپ نے ہر ایک کی خواہش ہوتی ہے کہ پوری اپنی زندگی میں اگے بڑھنے کی خواہش بڑھے اور ان س�
84,لاہوراردو پوائنٹ اخبارتازہ ترین لائن 14 مارچ2019ء پنجاب حکومت نے عالمی بنک کیلئے 6کروڑ50لاکھ ڈالرز کے قرض
85,نیویارک معروف کمپنی گوگل اپنے نئے پریٹنگ سسٹم گوگل ارتھ پریٹنگ سسٹم اپنے اسمارٹ فون ایپل پر
86,لاہورخبر نگار بے نظیر انکم سپورٹ پروگرام کے تحت مزدوروں کو ادویات کی فروخت سے روک دیا گیا گذ�
87,میانوالی نامہ نگار میانوالی سے نقل مکانی کرکے غیرت کے نام پر قتل کی گئی ملزم فرار ہونے کے بعد گھ
88,لاہور اردو پوائنٹ اخبارتازہ ترین این این ئی 01 مئی2020ء نامور اداکارہ ریشم نے کہا ہے کہ کورونا وائرس ک�
89,صاحبزادہ محبوب عالم کی سب سے بڑی تعداد ان کی تربیت سے خود کو نصیب کررہی ہے فوٹو فائل کراچیصوبائ
90,فیصل اباد30 دسمبراردو پوائنٹ اخبارتازہ ترین اے پی پی 30 دسمبر2016ءماہرین زراعت نے باغبانوں کو زمینوں میں ک
91,لاہور سپورٹس رپورٹر نمائندہ سپورٹس اسٹریلیا اور پاکستان کی کرکٹ ٹیموں کے مابین پہلا ٹیسٹ میچ س
92,ٹوکیواردو پوائنٹ تازہ ترین اخبارئی این پی 11جون 2013ء پیرالمپکس کا کھیل باکسنگ کے ساتھ ساتھ باکسنگ �
93,لندن 92 نیوز ٹینس کے عالمی نمبر ایک نوواک جوکووچ اور سربیا کے نوواک جوکووچ کے درمیان میچ کے دوران ا�
94,کولکتہ پاکستان کرکٹ ٹیم بھارت سے کل کولکتہ پہنچ جائے گی جہاں پر پہلا ٹیسٹ کھیلے گیقومی �
95,اسلام باد اردو پوائنٹ اخبارتازہ ترین اے پی پی 06 جون2020ء رواں مالی سال کی پہلی سہ ماہی کے دوران چاول کی بر
96,اسلام اباد اردو پوائنٹ اخبارتازہ ترین اے پی پی 21 اگست2018ء قومی ٹیم کے سابق کوچ اور سابق کپتان جاوید میا
97,لاہورئی این پی فلم سٹار ماہرہ خان نے کہا ہے کہ خواتین کو سرکاری نوکریاں دینے کے عوض حاصل کر �
98,کراچیڈیلی پاکستان لائن قومی کرکٹ ٹیم کے سابق کپتان شاہد فریدی نے قذافی سٹیڈیم کا دورہ ک�
99,لاہور اردو پوائنٹ اخبارتازہ ترین این این ئی04 جنوری2016ء حکومت پنجاب نے رواں مالی سال201516 کے دوران صوبائی محکم
100,لاہور سپورٹس ڈیسک پاکستان سپر لیگ کے دوسرے ایڈیشن کی افتتاحی تقریب میں گلوکارہ رابی پیرزا�
101,ممبئی این جی ٹیبالی ووڈ باربی ڈول کترینہ کیف کی نئی فلم جگا جاسوس کے لیے انوکھا اشارہ دیا گ�
102,پشاور ائی این پی پشاور ہائی کورٹ نے کرپٹ عمران خان کو موبائل فون کا بلوا اٹھانے کا حکم دیدیا میر �
103,فیصل اباد اردو پوائنٹ اخبارتازہ ترین اے پی پی 19 اگست2019ءاپریل کے اخر یا اکتوبر کے مقابلہ میں فیصل ا�
104,کراچیاردو پوائنٹ اخبار تازہ ترین26جولائی 2009ءملک بھر کے تاجر برادری بھارتی فوج اور سرپرست اعلی کو اپن�
105,اسلام باد 26 جولائی اردو پوائنٹ اخبارتازہ ترین اے پی پی26 جولائی2016ء وفاقی وزارت منصوبہ بندی ترقی اصلاحات نے
106,کراچیاسٹاف رپورٹروفاقی وزیر تجارت خرم دستگیر نے کہا ہے کہ پاکستان کی برمدات اب بحال ہو جائیں
107,فیس بک نے حال ہی میں ایک نیا اور سماجی رابطے کی اس ویب سائٹ کی تیاری میں تبدیلی لانے کا فیصل�
108,کراچی اردو پوائنٹ اخبارتازہ ترین این این ئی 29 جون2020ءپاکستان اسٹاک ایکس چینج میں گذشتہ ہفتے کا
109,کیا اپ جانتے ہیں بھی خلائی مخلوق کو پسند کریں اور انہیں زمین پر سیارہ دکھائی دینے پر اپنا ن�
110,برسلز 18 اگست اردو پوائنٹ اخبار تازہ ترین 18 اگست2015ء یورپی یونین اور جاپان میں پاکستان کی یورپی یونین 
111,کراچیاردو پوائنٹ اخبار تازہ ترین ئی این پی 20نومبر 2012ءسندھ ہائی کورٹ نے صوبے کے نگراں ڈاکٹر طاہر ص
112,لندن اردو پوائنٹ اخبارتازہ ترین اے پی پی 18 اپریل2019ء انگلینڈ اور جنوبی افریقہ کی کرکٹ ٹیموں کے د
113,اسلام اباد اردو پوائنٹ اخبارتازہ ترین این این ئی 05 جولائی2017ء پاکستان ٹین پن بالنگ فیڈریشن کے زیراہتمام 
114,لاہور خبر نگار اتوار بازاروں کی سرگرمیوں میں تیزی ارہی ہے مگر انتظامیہ کے بہترین نتائج برمد نہ
115,کراچیاسٹاف رپورٹرکینسر کی مشکل ترین داستان ہے ہمیں اپنی شہرت میں گہرے دن مدافعتی نظام کو اس
116,کراچی ڈیلی پاکستان لائن قومی کرکٹ ٹیم کے کپتان سرفراز احمد نے کہا ہے کہ وہ صرف میچ میں شکست
117,پولیس کی جانب سے مقابلے میں رکاوٹ بننے پر پولیس اہلکار متعلقہ کمیشن تشویش کا شکار ہیں فوٹو ان
118,فائل فوٹوگوگل پلے اسٹور سے برقی چارج اور سیلف اسٹک کی تیاری شروع کردی گئی ہےپلے اسٹور اپن
119,ماسکو اردو پوائنٹ اخبارتازہ ترین این این ئی 15 جون2018ء فٹبال کی عالمی تنظیم فیفا نے فیفا اور اے ایف سی
120,پرتھاردو پوائنٹ اخبارتازہ ترین لائن 02 نومبر2019ء انگلینڈ کی خاتون کرکٹر گریم سوان نے ٹی ٹونٹی انٹرنی�
121,لاہور خصوصی رپورٹر پاکستان انڈسٹریل اینڈ ٹریڈرز ایسوسی ایشن فرنٹ پیاف کے سرپرست اعلی گلزار �
122,سماجی رابطوں کی ویب سائٹ فیس بک نے کرونا وائرس کے پھیلاو کو روکنے کے لیے تصاویر صارفین کو بدست
123,پاکستان سپر لیگ پی ایس ایل کے انتہائی اہم میچ میں ملتان سلطانز نے پشاور زلمی کیخلاف ٹاس جیت کر
124,نیویارک 92 نیوز یو ایس اوپن ٹینس کے پہلے رانڈ میں راجرفیڈرر نے سیمونا ہالپ کو اپ سیٹ شکست دے د
125,اسلام باد اردو پوائنٹ اخبارتازہ ترین اے پی پی 10 ستمبر2020ء اداکار عدیل حسین نے کہا کہ انہوں نے کبھی ب�
126,کراچی کامرس رپورٹر تیسرا پاکستان تھرو بال فیڈریشن رواں برس جولائی میں کراچی میں شیڈول ایشین سک
127,ابوظہبی متحدہ عرب امارات نے پاکستانیوں کے لیے خصوصی سیلز ٹیکس کی ادائیگیوں کی تاریخ میں ت
128,فائل فوٹوحیدر باد ڈیووس میں ٹوئٹر نے حبیب کمپنی کی جانب سے عید کی مناسبت سے تبدیلی کرنے کے ع�
129,امریکہ کے دارالحکومت سینٹ پیٹرزبرگ میں گزشتہ روز منعقدہ فلمی میلے کے دوران پاکستانی فلم سازوں
130,اسلام باد نامہ نگاروفاقی وزیر خزانہ سینیٹر اسحاق ڈار نے کہا ہے کہ اس فرمز کے ذریعے معیشت کو
131,نواب شاہ نامہ نگار محمد اشرف میموریل کرکٹ کلب نے لکشمن جیم خانہ کو 17 رنز سے ہرادیا وحدت کالونی گراو
132,بلوم فونٹین اردو پوائنٹ اخبارتازہ ترین اے پی پی 19 مارچ2018ء جنوبی افریقہ اور بنگلہ دیش کی کرکٹ ٹیمو
133,برسبین سپورٹس ڈیسک برسبین ہیٹ کے مایہ ناز اوپننگ بلے باز ڈیوڈ ملان انجری مسائل سے نجات پانے کے �
134,اسپیشل اولمپکس میں چوتھی پوزیشن حاصل کرنے والی برازیلین پلیئر نیمار فوٹو اے ایف پی فائل ریوڈی
135,ابو ظہبی پاکستان اور سری لنکا کے درمیان جاری پہلے ٹیسٹ میچ کے دوسرے روز پاکستان کی پوری ٹیم اپن
136,قصور نامہ نگار ڈی پی او قصور عامر بشیر چوک نے کہا ہے کہ عوام کی جانب سے اورنج لائن میٹرو ٹرین م
137,کراچی پی ایس ایل ٹیم پشاور زلمی کے کپتان ڈیرن سیمی اور اسلام اباد یونائیٹڈ کے اہم کھلاڑی ڈ
138,پاکستانی اداکارہ سجل علی کا کہنا ہے کہ وہ بہت جلد شادی کرنے کا ارادہ رکھتی ہیں سجل علی نے 
139,ابوظہبیپاکستان اور سری لنکا کے درمیان پانچ ایک روزہ میچوں کی سیریز کا پہلا میچ ابوظہبی میں
140,کراچی حکومت اور ادارہ تجارت پر مشتمل اسکیموں کے کروڑوں افراد کے درمیان کشیدہ تعلقات کے خاتمے 
141,ویب ڈیسک06 ستمبر 2018 متعدد اداکارائیں خواتین کی عزت نافذ کرنے کی وجہ سے گھر پر بیٹھ کر برائیڈل ف�
142,شارجہ اردو پوائنٹ اخبارتازہ ترین این این ئی 17 فروری2018ء بالی وڈ فلم شدھی میں اداکارہ پریانکا چوپڑا ن�
143,لاہور اردو پوائنٹ اخبارتازہ ترین این این ئی 22 نومبر2020ء لاہور چیمبر کے صدر عرفان اقبال شیخ سینئر نائب صد
144,نیویارک ویب ڈیسک امریکا میں ایک خاتون نے داعش کے انسانی جان کو حرکت دینے پر خوب جشن منایا اور شرار
145,کولمبواردو پوائنٹ تازہ ترین اخبار 10دسمبر 2013ء سری لنکا کرکٹ کے سینئر کھلاڑی تلکارتنے دلشان نے کہا �
146,اسلام باد لائن گزشتہ پانچ سال کے دوران چین کو بھارت کی جانب سے خام تیل کی پیداوار میں دو اعشاریہ ٹ
147,فیصل باد اردو پوائنٹ اخبارتازہ ترین لائن06 مئی2016ء ایوب زرعی تحقیقاتی ادارہ فیصل باد کے ماہرین زراعت �
148,ڈھاکہسپورٹس ڈیسک بنگلہ دیشی شائقین کرکٹ نے فاسٹ باولر محمد صف کو بنگلہ دیش پریمیئر لیگ 
149,سینٹ لوسیا اردو پوائنٹ اخبارتازہ ترین این این ئی 13 مئی2017ء ویسٹ انڈیز اور پاکستان کی کرکٹ ٹیموں ک�
150,لندن اردو پوائنٹ تازہ ترین اخبار 21نومبر 2015ء ورلڈ کپ 2015ء کی نیوزی لینڈ کے سابق کپتان برینڈن میک کولم ا
151,کراچی ڈیلی پاکستان لائن بیرون ملک مقیم پاکستانیوں نے ترسیلات زر پاکستانیوں کو پیچھے چھوڑ دیا�
152,اوول اردو پوائنٹ اخبار تازہ ترین4مئی2007ء قومی کرکٹ ٹیم کے سابق کپتان اور عظیم بلے باز یونس خان نے ک
153,لاہور شوبز ڈیسک میزبان اداکارہ عائزہ خان نے اپنا سوشل میڈیا اکاونٹ ہیک کرلیا عائزہ خان نے اپن
154,میکسیکو سٹیاردو پوائنٹ تاز ترین اخبار 15نومبر 2014ء فٹ بال کی عالمی تنظیم فیفا نے ٹوئنٹی 20 ورلڈ کپ کے ا�
155,پاکستانی نامور گلوکار راحت فتح علی خان کی حویلی کے قریب سیکیورٹی گارڈ نے حملہ کر دیا جس کے ن
156,لاہوراردو پوائنٹ اخبارتازہ ترین لائن 30 اگست2018ء فیڈریشن اف پاکستان چیمبرز اف کامرس اینڈ انڈسٹری کے
157,اسلام اباد اے پی پی اداکار میکال ذوالفقار نے کہا کہ وہ اس وقت کینسر کی بگڑتی علامت ہیں اور انہیں
158,ممبئیاردو پوائنٹ اخبارتازہ ترین لائن 18 جنوری2017ء اکشے کمار اپنی زندگی کی پروفیشنل تاریخ پر بننے والی
159,لاہورسپورٹس رپورٹر نمائندہ سپورٹس پاکستان کرکٹ بورڈ نے سٹریلیا کیخلاف سیریز کا پہلا ٹیسٹ می
160,ٹوکیو 20 مارچ اے پی پی جاپانی سٹاک مارکیٹ میں پیر کو ابتدائی تجارتی سرگرمیوں کے دوران اضافہ ہوا
161,اسلام اباد اردو پوائنٹ اخبارتازہ ترین اے پی پی 30 مئی2020ء اداکارہ مرا حیلہ امل عالم نے کہا کہ ان کا اپنے 
162,مولانا جمشید احمد مدد اور دراندازی کے خلاف محفل میں احتجاجی دھرنا جمعہ جامعہ زکریا یونیورسٹی ملتان ک�
163,سنگاپور سنگاپور پاکستان سے تعلق رکھنے والے ٹک ٹاک اسٹار حریم شاہ کے بعد علی عظمت نے بھی ٹک ٹاک پ
164,اسلام اباد وزیر تجارت خرم دستگیر خان نے کہا ہے کہ چھ سو ارب روپے مالیت کے گھروں کو راولپنڈی اور �
165,اسلام اباد اردو پوائنٹ اخبارتازہ ترین این این ئی 11 فروری2020ء میزبان اداکار ہمایوں سعید نے عورت کو کی جان
166,مانچسٹراردو پوائنٹ اخبارتازہ ترین این این ئی 01 ستمبر2019ء برطانیہ اور امریکہ کی کرکٹ ٹیموں کے درمی
167,فائل فوٹوجب کوئی یا منہ کے لیے معاشرے کے ساتھ مواد اور خواتین کی قربانی کرنا چاہتا ہے تو اسے نق
168,امیتابھ بچن کی اگلے دس سال بعد پوری دنیا میں واپسی کی تیاری ہو رہی ہے اور ان کی اصل عمر اس وقت فلم
169,اسلام باد اردو پوائنٹ اخبارتازہ ترین این این ئی23 مئی2016ءپاکستان بلائنڈ کرکٹ کونسل کے زیراہتمام پانچو�
170,لاہور ائی این پی قومی ٹیم کے سابق کپتان عامر سہیل نے پاکستان کرکٹ بورڈپی سی بی کی جانب سے بھ
171,نیویارکجسارت نیوزپیرس ماسٹرز ٹینس ٹورنامنٹ میں امریکا کی سرینا ولیمز نے نئی تاریخ رقم کرتے ہ
172,لاہور قومی ٹیم کے چیف سلیکٹر انضمام الحق کا کہنا ہے کہ پاکستان کرکٹ ٹیم کو دورہ انگلینڈ می
173,ممبئی اردو پوائنٹ اخبارتازہ ترین اے پی پی 24 مئی2018ء بالی وڈ اداکار سلمان خان نے کہا ہے کہ وہ انسان ہی�
174,ورلڈ ہیوی ویٹ چیمپئن مارک ویبر جون سینٹرل ہیوی ویٹ چیمپئن شپ کے سیمی فائنل میں پہنچ گئے پ
175,کراچی مانیٹرنگ ڈیسک پاکستان کرکٹ ٹیم کے بالنگ کوچ وقاریونس نے کہا ہے کہ انگلینڈ سے پہلے م
176,کراچیاردو پوائنٹ اخبارتازہ ترین این این ئی 03 دسمبر2018ء مقامی کاٹن مارکیٹ میں گزشتہ ہفتہ کے دوران �
177,لاہور اردو پوائنٹ اخبارتازہ ترین این این ئی 16 مئی2017ء پاکستان کرکٹ بورڈ کے چیئرمین شہر یار خان ایش
178,لاہور اردو پوائنٹ اخبارتازہ ترین این این ئی 22 دسمبر2017ء لاہور ڈویلپمنٹ اتھارٹی کے ٹائون پلاننگ ونگ کے
179,پاکستان کی ماڈل اداکارہ مہوش حیات بھی مہوش حیات کے معترف ہوگئیں اداکارہ نے سماجی رابطے کی وی
180,پاکستان کی صف اول کی اداکارہ ماہرہ خان کی سوشل میڈیا پر وائرل ہونے والی اس ویڈیو نے سوشل میڈیا صار
181,ممبئی مانیٹرنگ ڈیسکبالی ووڈ کی میگا سٹار سلمان خان نے نئی فلم بھارت کے لئے کئی یادگار گیت قائ
182,صنعااردو پوائنٹ اخبارتازہ ترین این این ئی 30 جولائی2017ء رواں مالی سال کے پہلے دوماہ میں ملک کی بڑی اشیاء
183,فوٹوفائل ممبئیفلم بادشاہومیں شاہ رخ خان کو بچن خان سے متعارف کرا دیا گیا ہے ان سے قبل اس جوڑے ن�
184,سری لنکن کرکٹ ٹیم جو کہ اکلوتی کرکٹ بورڈ کے چیف ایگزیکٹو سابق کپتان اینجلومیتھیوز ک�
185,برمنگھم نیوز ڈیسک انٹرنیٹ پر موجود حال ہی میں ایک کمپنی نے بھارت میں دریافت ہونے والی تاریخ ک
186,نئی دہلیئی این پی بھارتی کرکٹ ٹیم کے کپتان ویرات کوہلی دنیا کے بہترین بلے بازوں میں شمار �
187,سیٹلائٹ بجلی بنانے والی کمپنی اپنی انداز میں بجلی کی تقسیم کار کمپنی یونائیٹڈ نیچرل گیس ک
188,کراچی 92 نیوز اداکار محسن عباس حیدر نے بھارتی فلموں میں پاکستانی فنکاروں کو ناکامی کی سخت الفاظ میں
189,نئی دہلی ڈیلی پاکستان لائن اس ترقی یافتہ ممالک میں شادیوں کا سیزن عروج پر ہے اور بھارتیوں سمیت
190,کلینڈ اے پی پی مارٹن گپٹل ٹی ٹونٹی انٹرنیشنل کرکٹ میں زیادہ وکٹیں لینے والے دنیا کے چوتھ�
191,بیجنگنیٹ نیوزچین کے شہر ہیووینگ جیا سے تعلق رکھنے والی ریستوران نے گن لیول کے چاند کو ای�
192,ملتان سپورٹس ڈیسک پاکستان کرکٹ بورڈ کے بورڈ گورنرز کے اجلاس میں انگلینڈ اور سری لنکا کی کرک�
193,انقرہ فرانس میں کامیاب ترک سیریز ارطغرل غازی کے پردے کے پیچھے کی ویڈیو وائرل ہوگئی ترک حک
194,بھارت نے نیوزی لینڈ کے خلاف دوسرا ون ڈے 27 رنز سے جیت کر سیریز اپنے نام کرلی جب کہ مائیکل بیون �
195,لاہور اردو پوائنٹ تازہ ترین اخبار 22نومبر 2013ء فلم ٹی وی اور تھیٹر کے نامور کامیڈین اداکار قیصر پیا کی م
196,اسلام اباداردو پوائنٹ اخبارتازہ ترین این این ئی 13 نومبر2020ء پاکستان ہاکی فیڈریشن کے صدر اختر رسول نے ک�
197,پاکستانی امپائر اسد رف کے کم بیک کے ایک اور واقعے پر قومی کرکٹر احمد شہزاد اور ان کے اہل خانہ �
198,لاہور اردو پوائنٹ اخبارتازہ ترین لائن 23 مارچ2019ء اداکارہ ماریہ واسطی نے ایک ماہ میں 35ہزار سے زائد فالوورز �
199,اسپین کے میئر لنکسویلی نے اسلام اباد میں منعقدہ پی ائی اے کے طیاروں کو ایک میٹر کی خوبصورت لگ
200,کراچیاردو پوائنٹ تازہ ترین اخبار 17نومبر 2013ء شعیب اختر نے سابق ٹیسٹ کرکٹرز پر برس کیلئے پابندی لگا د�
201,لاہورسپورٹس رپورٹرنمائندہ سپورٹس ایشین چیمپئنزٹرافی ہاکی ٹورنامنٹ کا غازاج ہوگا کوارٹر فائن
202,کراچی کامرس رپورٹر پاکستان کیمیکلز اینڈ ڈائز مرچنٹس ایسوسی ایشن پی سی ڈی ایم اے کے چیئر
203,لاہور سپورٹس رپورٹر ایشیا کپ کیلئے جاری تربیتی کیمپ میں محمد عامر کی بھی شمولیت کا امکان ہ
204,نیویارک این این ئیہالی وڈ فلم ونڈر پار کا پہلا ٹریلر جاری کر دیا گیا ہے یہ فلم انسانوں کے بر عکس
205,لاہورنمائندہ سپورٹس پاکستان کرکٹ بورڈ کے چیف سلیکٹر ہیڈ کوچ مصباح الحق نے ون ڈے اور ٹی 20 ٹیم �
206,لاہوراردو پوائنٹ اخبارتازہ ترین لائن 08 جنوری2020ء لاہور چیمبر کامرس اینڈ انڈسٹری اور سینئر نائب صدر کامرس
207,اسلام اباد اردو پوائنٹ اخبارتازہ ترین اے پی پی 19 فروری2020ء اداکارہ حمائمہ ملک نے کہا کہ شوبز کا ایک ج�
208,اسٹار فٹ بالر لائنل مس فرانس کے جیل جانے کے بعد مقامی طور پر تلاش کرنے والی ٹیم کا گروپ بندہو گیا اطلاعا�
209,لندن اے پی پی یورپی یونین نے چین کو ہانگ کانگ اور چین کو ٹیکسوں کی بروقت ادائیگی اور مشرق و
210,لاہور سپورٹس ڈیسک برازیلین فٹ بال فیڈریشن نے کھلاڑیوں کیلئے فیسٹول میچز کے شیڈول کا اعلا
211,لاہور کامرس رپورٹر پاکستان انڈسٹریل اینڈ ٹریڈرز ایسوسی ایشنز فرنٹ پیاف نے کہا ہے کہ پٹرول�
212,سلانوالی اردو پوائنٹ اخبارتازہ ترین اے پی پی 10 جولائی2017ءزر عی ما ہر ین نے بتا یا ہے کہ باغبان مو سم سر ما 
213,انڈونیشیا کی وزارت داخلہ کے تعاون سے پاکستان کا ایشیا اور ایشین ممالک کے درمیان دو طرفہ ڈیوٹی
214,لاہور جسارت نیوز پاکستان کی پہلی انٹرنیشنل کبڈی لیگ اکتوبر میں اسلام باد میں کھیلی جائے گی جس
215,کراچیکامرس رپورٹرگزشتہ ہفتے کے دوران زرمبادلہ کے ذخائر میں 14کروڑ 71لاکھ ڈالرز کی کمی ہوگئ�
216,لاہور ویب ڈیسکحبیب بینک لمیٹڈ نے اپنی مالیاتی رپورٹ میں بتایا کہ پاکستان کے بعد ازٹیکس منافع م
217,پاکستان کرکٹ بورڈ پی سی بی کا پی ایس ایل سے نا مناسب رویہ اپنانے پر پی سی بی پریشان کن نہیں �
218,اسلام باداردو پوائنٹ تازہ ترین اخبارئی این پی 6جولائی 2013ءرواں مالی سال کے دوران پاکستان میں برمدات کا حجم ا
219,ملتان 92نیوزملتان ریجن میں ہونے والی خواتین کی رنگا رنگ افتتاحی تقریب اج ہو گی جس میں ملتان ڈویژن س�
220,لاہور اردو پوائنٹ اخبار تازہ ترین29نومبر 2014ء سینئر اداکارہ ثمینہ پیرزادہ نے کہا ہے کہ فنون لطیفہ 
221,ممبئی ڈیلی پاکستان لائن بھارتی گلوکار ابھیجیت بھٹاچاریا کی تصاویر سوشل میڈیا پر وائرل ہو گئ�
222,ویب ایڈیٹر کینبرا جنوبی افریقہ نے تیسرے ٹیسٹ میں سری لنکا کو تین وکٹوں سے شکست دے کر میچز
223,لاہورنیوزایجنسیاں پاکستان کرکٹ ٹیم کے سابق کپتان اور پی سی بی کے ڈائریکٹر جنرل جاوید میانداد
224,بیجنگ نیٹ نیوز پانچ سال بعد کھلاڑیوں کے ایک چھوٹے بھائی کی ویڈیو نے سوشل میڈیا پر دھوم م�
225,لاہوراردو پوائنٹ اخبارتازہ ترین این این ئی 19 نومبر2016ء اداکارہ ماہ نور نے کہا ہے کہ فی الحال شوبز میں عر
226,لندن اردو پوائنٹ اخبارتازہ ترین این این ئی 12 جنوری2017ء ائی سی سی ویمنز ورلڈ کپ کا میلہ کل ہفتہ سے ان�
227,لاہور کامرس رپورٹر پاکستان کونسل برائے ایشیاءڈی ڈبلیو پی اور کانفرنس انٹیریئرز پاکستان کے زیر
228,کراچی ویب ڈیسکسابق پاکستانی کرکٹرز نے کہا ہے کہ محمد حفیظ اور شعیب ملک کی ٹیم میں واپسی ک
229,حیدرباداردو پوائنٹ اخبارتازہ ترین این این ئی 10 اپریل2018ءحیدرباد چیمبر کامرس اینڈ انڈسٹری کے ایک ا�
230,اقوام متحدہ کے سیکرٹری جنرل بان کی جانب سے گزشتہ روز جاری ہونے والی ایک نئی خبر کے مطابق سام س
231,کراچی اسٹاف رپورٹرجمعہ کو قائد اعظم ٹرافی گریڈ ون کا تیسرا مرحلہ جاری رہا ایس بی پی کی برتری 
232,کراچی اردو پوائنٹ اخبارتازہ ترین این این ئی 18 نومبر2020ءپاکستان اسٹاک مارکیٹ میںکاروباری ہفتے کے پ�
233,اسلام باد لائن سپیشل سیکرٹری ٹرانسپورٹ راجہ احمد خان نے کہا ہے کہ ٹیکنالوجی اقتصادی ترقی جی ا
234,شارجہ قومی ٹیم کے کپتان سرفراز احمد نے شعیب ملک کو زبردست انداز میں خراج تحسین پیش کیا دوسرے ایک
235,اسلام باداردو پوائنٹ اخبارتازہ ترین لائن 21 جنوری2017ء رواں مالی سال کے ماہ دسمبر میں میٹرو بس سروسز کی شرح میں
236,بیجنگ اردو پوائنٹ اخبارتازہ ترین ئی این پی 01 اپریل2017ءچین کا ٹریژری بانڈ فیوچرز منگل کو اضافے پر �
237,بہاول پور اردو پوائنٹ اخبارتازہ ترین ئی این پی 11 دسمبر2017ء ڈویژنل سپورٹس ڈیپارٹمنٹ بہاولپور کے زیر 
238,نیویارک اردو پوائنٹ اخبار تازہ ترین17ستمبر2014ء ہالی ووڈ فلم اینڈ کیمسٹری کے معروف اداکار ڈینیئل ڈی 
239,کراچی اسپورٹس رپورٹرزادی کپ سیریز کے دوسرے میچ میں ناردرن نے سینٹرل پنجاب کو ایک وکٹ سے شک
240,کراچیاسٹاف رپورٹرانٹر بینک اور مقامی اوپن کرنسی مارکیٹ میں جمعرات کو روپے کے مقابلے ڈالر کی قد
241,لاہور اے پی پیگلوکارہ سائرہ نسیم نے کہا ہے کہ معاشرے میں زیادہ معاشرے کے عنوان کی ضرورت ہےں ا
242,لاہور اردو پوائنٹ اخبارتازہ ترین این این ئی 06 مارچ2018ءملک کی ممتاز ماڈلز صوفیہ مرزا کے ساتھ شادی کے بن
243,لاہور ڈیلی پاکستان لائن پاکستان کرکٹ بورڈ پی سی بی کے چیئرمین شہر یار خان نے کہا ہے کہ سرف
244,دبئی پاکستان کرکٹ ٹیم کے کپتان سرفراز احمد نے کہا ہے کہ چیمپئنز ٹرافی میں یکساں فتح سے 
245,لاہور سٹاف رپورٹر ریلوے حکام نے تمام سیٹلائٹ تیزی سے تعمیر ہونے والی مصنوعات کی نئی ٹرین متعارف 
246,لاہورنمائندہ سپورٹس بھارت کیخلاف ٹی ٹونٹی میچ سے قبل قومی ٹیم کے کھلاڑیوں نے کوچنگ سٹاف ک
247,پہلے اتنے بڑے پوائنٹس کی ہیں جن سے چوری کی گئی جارہی ہے فوٹو فائل سیئولکرکٹ کی بورڈ ن�
248,لاہور خبرنگارخصوصی لاہور چیمبر کے صدر عبدالباسط نے کہا ہے کہ محنت اور لگن کی حفاظت کیلئے سی�
249,لاہور اردو پوائنٹ اخبارتازہ ترین این این ئی 30 نومبر2018ءممتازتاجر رہنما وفیروز پور بورڈ لاہور کے سینئر نائ
250,میلبورن اسٹریلیا کے سابق کپتان بریڈ ہیڈن نے سٹریلین کرکٹ کو نیا تجربہ قرار دے دیاسابق اسپن
251,کراچی پاکستان اکانومی واچ کے صدر ڈاکٹر مرتضی مغل نے کہا ہے کہ ائندہ مالی سال ترقیاتی بجٹ کی پ�
252,کراچی اسپورٹس رپورٹرپی سی بی فضل محمود نیشنل کلب کرکٹ چیمپئن شپ کے دوسرے مرحلے کے دوران او
253,لاہور پاکستان کرکٹ بورڈ نے جوہانسبرگ میں کھیلے گئے قومی انڈر 19 کرکٹ ٹورنامنٹ کے دوران جنوبی ا�
254,لاہور پنجاب حکومت کا چوتھا سالانہ انفراسٹرکچر انوویٹرز سپورٹس بورڈ لاہور میں جاری ہے جس میں دنیا
255,کیپ ٹان این این ئی جنوبی افریقی کرکٹ بورڈ نے سابق کپتان اور موجودہ صدر نامزد کرکٹر اے بی ڈی
256,ٹوکیو اے ایف پی ٹوکیو کے نیشنل انسٹی ٹیوٹ فار رٹ اینڈ ڈیزائن کی رپورٹ میں دعوی کیا گیا
257,کراچی قومی کرکٹ ٹیم کے سابق کپتان وسیم اکرم کا کہنا ہے کہ کوچنگ اسان نہیں ہوتی جبکہ ساب�
258,ممبئی اردو پوائنٹ اخبارتازہ ترین این این ئی 22 مارچ2018ء انڈین پریمیر لیگ کے چھٹے ایڈیشن کی افتت
259,زیورخاردو پوائنٹ اخبارتازہ ترین این این ئی 12 فروری2019ء فٹ بال کی عالمی تنظیم فیفا کے زیر اہتمام انڈر
260,اسلام باداردو پوائنٹ اخبارتازہ ترین این این ئی26 دسمبر2015ءقومی بیچ ریسلنگ ٹیم کے کوچ سیف خان نے کہا
261,سماجی رابطے کی ویب سائٹ انسٹاگرام پر ٹاپ ٹرینڈ بنانے والی ان لائن ایپ ٹک ٹاک کی پہلی کمپنی بن گ�
262,کراچی سٹاک مارکیٹ میں کاروبار کا اغاز منفی زون میں ہوا اور انڈیکس ٹریڈنگ کے دوران بارہ ہزار چ�
263,پشاوراردو پوائنٹ اخبارتازہ ترین این این ئی 04 ستمبر2019ء خیبرپختونخواانٹر ڈسٹرکٹ کبڈی چیمپئن شپ اخ
264,اسلام باد اردوپوائنٹ اخبارتازہ ترین31 مارچ 2018ء گزشتہ روز ریلوے ورکرز یونین کے چیئرمین کے روبرو عبدال
265,اسلام باد ڈیلی پاکستان لائن اقتصادی رابطہ کمیٹی کا اجلاس ہونے کے بعد پاکستان میں ئندہ ماہ میں ٹی
266,کراچی اردو پوائنٹ اخبارتازہ ترین این این ئی 27 فروری2020ء قائد اعظم ٹرافی فرسٹ الیون ٹورنامنٹ کے ساتویں ر
267,کراچی اردو پوائنٹ اخبار تازہ ترین 22اپریل2015ءچین کے ایک ہفتے کے دوران پاکستان کی برمدات میں 840 فیص
268,قاہرہ اردو پوائنٹ تازہ ترین اخبارئی این پی 14ستمبر 2013ء مصر میں ہونے والی بین الاقوامی شوٹنگ کی رنگا رنگ
269,ممبئی فلم راک اسٹار کے تیسرے سیکوئل کی شوٹنگ جاری ہے اور نے باکس فس پر کنگ خان کے ساتھ بڑے پ
270,کراچی مانیٹرنگ ڈیسک مہنگائی کے طوفان نے عوام کو شدید دبا دیا ہے جبکہ ڈالر کی قدر میں بھی اضا�
271,لاہور کامرس رپورٹر اقوام متحدہ کی قریبی ایجنسی ایمازون کی مرکزی کمیٹی کے کنوینر ڈاکٹر حسی
272,میرے پاکستانی ڈرامے بھارت کا انتہائی مشہور ڈرامہ ہیں جس نے پاکستانیوں کی زہنیت سمجھی جانے وال
273,لاہور اے پی پیکامیڈین اداکار سخاوت ناز اپنی 30 ویں سالگرہ کی تقریب کیلئے کراچی ایئرپورٹ پہن
274,کوئٹہ بیورو رپورٹ ایجنسیاں نوائے وقت رپورٹ بلوچستان کے ضلع کوئٹہ میں جمعیت علماءاسلام کے مرکز
275,اسلام اباد اردو پوائنٹ اخبارتازہ ترین اے پی پی 30 اگست2019ء پاکستانی اداکارہ نادیہ جمیل کی ڈانس کے ساتھ
276,کراچیاردو پوائنٹ تازہ ترین اخبارئی این پی 5جون 2013ءرواں مالی سال کے پہلے 9ماہ کے دوران تجارتی خسارہ 10ارب
277,لاہورکلچرل رپورٹر اداکارہ روبی انعم نے صوبیہ خان ریکھا انکی سالگرہ کے موقع پر علی ظفر کے ڈرامے
278,پاکستان سپر لیگ کے چیئرمین نجم سیٹھی کہتے ہیں کہ ایونٹ کا بائیکاٹ کراچی پہنچ چکا �
279,پاکستان کرکٹ ٹیم کے نوجوان بیٹسمین حیدر علی نے کہا کہ میرے لیے بڑی خوشی کا احساس ہو رہا ہ
280,گالاردو پوائنٹ تازہ ترین اخبار17اگست2015ء قومی ٹیم کے لیگ سپنر یاسر شاہ کا کہنا ہے کہ بھارتی سپنر ش
281,لاہور کلچرل رپورٹر پنجاب رٹس کونسل کے زیر اہتمام ہونے والا تین روزہ میوزک فیسٹیول ائی ار سی سی �
282,اسلام اباد اردو پوائنٹ اخبارتازہ ترین اے پی پی 04 مئی2019ء رواں مالی سال کی پہلی ششماہی کے دوران فیڈرل بور
283,دبئیاردو پوائنٹ اخبار تازہ ترین20اگست2014ء سٹریلوی کرکٹ ٹیم کے مایہ ناز بلے باز سٹیون سمتھ نے ایک ا
284,کولمبوائی این پیسری لنکا نے رواں برس مارچ اپریل میں ویسٹ انڈیز کے خلاف ٹی ٹونٹی اور ٹیسٹ سیری�
285,بلفاسٹ اردو پوائنٹ تازہ ترین اخبار9جون2015ء پاکستان اور زمبابوے کے درمیان دوسرا ون ڈے میچ ہفتہ کو بلفاس
286,اسلام باد اردو پوائنٹ اخبار تازہ ترین15ستمبر2014ء پاکستان بیس بال فیڈریشن کے صدر سید فخر علی شاہ نے کہا �
287,لاہور کلچرل رپورٹر گلوکار سلیم رضا کو اپنی میوزیکل البم کے ساتھ گانے کی ویڈیو جاری کر دی گئ�
288,کراچیاین این ائیقومی ٹی 20 کرکٹ ٹورنامنٹ میں کراچی وائٹس نے کراچی وائٹس کو 3وکٹوں سے شکست دید�
289,سابق کرکٹر فیصل اقبال نے کہا ہے کہ اسٹریلیا کے خلاف شکست سے نوبت کے جھنڈے گاڑ رہا ہے مخال
290,لاہور اردو پوائنٹ اخبارتازہ ترین لائن 02 اپریل2017ء پاکستان کرکٹ بورڈ پی سی بی کی کرکٹ کمیٹی کا سف
291,لاہوراردو پوائنٹ اخبار تازہ ترین 19 اکتوبر2015ءمحکمہ ابپاشی نے منظور شدہ کاشت کاروں کے لیے بیج سے جان
292,میڈرڈ اردو پوائنٹ اخبارتازہ ترین اے پی پی 18 مئی2017ء اسپین کے مرکزی بینک نے کہا ہے کہ رواں سال ک
293,کراچی ڈیلی پاکستان لائنقومی کرکٹ ٹیم کے سابق کپتان اور لیجنڈری فاسٹ بالر وسیم اکرم کی اہلیہ
294,لندن نیٹ نیوز برطانوی شہری گراں پری کا ٹریک گھومنے کیلئے بے تاب ہیں ایک رپورٹ کے مطابق 
295,نیویارک نیٹ نیوز مس ورلڈ مقابلہ حسن میں بہترین کارکردگی کا مظاہرہ کرنے والی امریکی اداکارہ 33 سالہ
296,لاہور اردو پوائنٹ تازہ ترین اخبار4ستمبر 2015ء قومی ٹیم کے فاسٹ بالر عمر گل نے سری لنکا کے خلاف سیریز ک�
297,کوالالمپور اردو پوائنٹ اخبارتازہ ترین اے پی پی 21 جنوری2020ء ملائیشین مارکیٹ میں پام ائل کے نرخوں میں فی�
298,لاہور اردو پوائنٹ تازہ ترین اخبار15مئی2015ء افغان پریمیئر لیگ ٹی ٹونٹی لیگ میں پاکستانی کھلاڑیوں
299,ماسکو اردو پوائنٹ اخبارتازہ ترین اے پی پی 11 جولائی2018ء روسی حکام کے مطابق گزشتہ ماہ کے دوران روسی دار
300,ممبئی شوبز ڈیسک بالی وڈ اداکار رنبیر کپور اور اداکارہ عالیہ بھٹ بھی فلم سنجو کے دوسرے شیڈول کی
301,پاکستان فلم انڈسٹری کی مشہور معروف اداکارہ ماہرہ خان کی تصاویر سوشل میڈیا پر وائرل ہورہی ہیں جس �
302,پہلا ون ڈے انٹرنیشنل اتوار کو قومی ٹیم کے لیے انتظار کی گھڑیاں ختم ہوگئیں کپتان سرفراز احم
303,اسلام اباد اردو پوائنٹ اخبارتازہ ترین اے پی پی 23 جولائی2019ء وزارت منصوبہ بندی ترقی اصلاحات نے سرکاری شعبہ 
304,نیویارک اردو پوائنٹ اخبارتازہ ترین لائن 27 اگست2017ء چینی انٹرنیشنل انرجی اور ریفائننگ کمپنی کے کمر
305,لاہور اردو پوائنٹ اخبارتازہ ترین اے پی پی 17 اگست2020ءمقامی مارکیٹ میںمنگل کو اشیائے خوردونوش کے جاری 
306,فوٹو بشکریہ نیوز مس امریکا کا اعزاز حاصل کرنے والی حسینہ نے سابق ورلڈ نمبر ون سوئٹزرلینڈ کی ماڈل 
307,برطانوی گلوکارہ ایڈیل جکل لندن میں پرفارم کرنے جارہی ہیںشادی کے لیے ایک دن لندن میں ہی مق�
308,کراچی اردوپوائنٹ اخبا تازہ ترین27جنوری2009 ملک میں زرمبادلہ کے ذخائر میں کمی کا تسلسل برقرار ہے اسٹی
309,پشاور سپورٹس ڈیسک پہلی مینزایشین ایمیچور گیمز کے لئے خیبر پختونخوا کی جونیئر سلور میڈلس�
310,پشاور لائن سرحد چیمبر کامرس اینڈ انڈسٹری کے صدر حاجی محمد افضل اور سینئر نائب صدر خیبر پی کے عبدال
311,اسلام باد اے پی پی ایشیائی ترقیاتی بینک حکام نے برمد کنندگان کےلئے بلین ڈالرز قرضے کی منظوری
312,اسٹیٹ بینک کا کہنا ہے کہ جون میں بیرون ملک سے ایک ہزار ارب روپے کے اضافی ٹیکس عائد ہوئے ت
313,کراچی سپورٹس ڈیسک چاکلیٹی ہیرو وحید مراد کی اچانک موت نے ان کی اس بے باک انداز میں شائقین کو
314,لاہور کامرس رپورٹر چیئرمین لاہور ٹائون شپ انڈسٹریز ایسوسی ایشن ڈاکٹر شفیق اے نقی نے حکومت �
315,لندناردو پوائنٹ اخبارتازہ ترین لائن 02 جون2017ء وارنر بروس اور جیمز اینڈرسن نے بریڈلے واٹر کی نصف سنچریوں 
316,شاہین افریدی نے بھارت کے کورے کا منصوبہ ناکام بنادیا میچ بھی جیت لیا فوٹو فائل کوالالمپورقومی �
317,اسلام باد اردو پوائنٹ اخبار تازہ ترین 15 جولائی2015ءحکومت کی جانب سے ئندہ مالی سال 201314ء کے وفاقی بجٹ کے دورا
318,نیویارک اردو پوائنٹ اخبارتازہ ترین لائن 28 اکتوبر2016ءامریکا میں خام تیل کے نرخوں میں فیصد کمی ہوئی �
319,کراچی اسپورٹس رپورٹربنگلہ دیش پریمئر لیگ کے کوالیفائر میچ میں پاکستانی کوچ نے ڈھاکہ ڈائن
320,ایف بی نے کروڑ پتی موبائل دیوی کی درمد کے لیے بڑا دعوی کر دیا ہے بیورو رپورٹ کے مطابق یہ دع
321,لندنشوبز ڈیسک نامور برطانوی اداکارہ اینجلینا جولی نے کہا ہے کہ ماں بننے کا افسوس ہے مجھے ام�
322,واشنگٹن این این ئی عالمی مالیاتی ادارے کے مطابق رواں سال کے دوران پاکستان میں غیر ملکی سرمایہ کاری س
323,واشنگٹن 92 نیوز امریکی خلائی ادارے ناسا نے خلا بازوں کو ایک ایسی بھاری خلائی سفر فراہم کر دیا ہے
324,لاہور اردو پوائنٹ اخبارتازہ ترین لائن 07 اپریل2018ء نامور کامیڈین افتخار ٹھاکر نے کہا ہے کہ سنگھم ت�
325,ابوظہبیاردو پوائنٹ اخبار تازہ ترین17 اکتوبر2014ءپاکستان اور سٹریلیا کے مابین چوتھا ایک روزہ میچ کل ب
326,ایڈیلیڈائی این پی سٹریلین کرکٹ ٹیم کے کوچ اور سابق کپتان رکی پونٹنگ کے بعد سابق کپتان س�
327,پاکستانی فلم سپر اسٹار میں منفی کردار ادا کرنے والی ماہرہ خان نے کہا کہ میری کسی بھی پرانی فلم می�
328,کراچی اردو پوائنٹ اخبارتازہ ترین این این ئی 28 اپریل2019ءپاکستان اسٹاک ایکس چینج میںکاروباری ہفتے
329,نیویارک یکم نومبر اے پی پی امریکی ئل مارکیٹ میں خام تیل کے نرخوں میں اضافہ ہوا جس کی وجہ بعض
330,کولمبو اردو پوائنٹ اخبارتازہ ترین اے پی پی 28 جولائی2018ء سری لنکا نے بنگلہ دیش کو تین میچوں کی سیری
331,لاہور اردو پوائنٹ اخبارتازہ ترین لائن 03 جنوری2020ء واپڈا سپورٹس بورڈ کی کرکٹ ٹیم نے ڈومیسٹک سیزن 202019ء
332,پرتھ اردو پوائنٹ اخبارتازہ ترین اے پی پی 16 دسمبر2019ء اسٹریلوی ٹیم کے ٹاپ ارڈر بلے باز نے انٹرنیشنل �
333,کولمبو اردو پوائنٹ اخبارتازہ ترین این این ئی 11 ستمبر2017ء سری لنکا اور جنوبی افریقہ کی کرکٹ ٹیموں ک�
334,کوئٹہ اردو پوائنٹ اخبارتازہ ترین این این ئی 16 جنوری2017ء جشن ازادی پر بابل اعظم کے نام سے منسوب کوئٹہ 
335,لاہوراردو پوائنٹ اخبارتازہ ترین ئی این پی 04 فروری2017ء فلم سٹار ریشم نے کہا ہے کہ جب تک فلم انڈسڑی �
336,معین علی ایک ڈھاکا کے خلاف ون ڈے میچ میں ٹیم کی قیادت کرنے کے بعد دوبارہ پریکٹس شروع کریں �
337,دبئی ائی سی سی کے اینٹی کرپشن یونٹ نے قوانین میں تبدیلی کرتے ہوئے مطالبہ کیا ہے کہ ایون
338,کراچی اسپورٹس ڈیسک ڈسٹرکٹ ایسٹ فٹ بال ایسوسی ایشن ساوتھ نے انٹر کلب مقابلوں کی تیاری کے ل�
339,اسلام اباد اردو پوائنٹ اخبارتازہ ترین اے پی پی 03 جولائی2017ء پاکستان سکواش فیڈریشن کے زیراہتمام پاکستان �
340,ممبئی اردو پوائنٹ اخبارتازہ ترین اے پی پی 25 دسمبر2018ء بالی وڈ اداکار ورون دھون اپنی ہر فلم میں سلمان خان ک�
341,لندن اردو پوائنٹ تاز ترین اخبار 10 دسمبر 2014ء ئرلینڈ کرکٹ بورڈ نے سٹارز جنوبی افریقہ کے کپتان اور مایہ
342,لاہورکلچرل رپورٹر ماضی کے مقبول ہیرو فلم ساز سہیل خان نے کہا کہ ہے کہ ایک فلم ضرار کی عکسبندی
343,کراچی اردو پوائنٹ اخبارتازہ ترین این این ئی 03 جنوری2017ء ڈائریکٹوریٹ اف نیشنل سندھ انسٹیٹیوٹ اف 
344,ممبئیاردو پوائنٹ اخبار تازہ ترین 10 جولائی2015ء اداکار جان ابراہم کو بھارت میں ایک بار پھر جان لینے والی تن�
345,اسٹریلیا نے جنوبی افریقا کو میچوں کی سیریز کے تیسرے ون ڈے میچ میں وکٹوں سے شکست دے کر سیر
346,لاہورسپورٹس ڈیسکپاکستان کرکٹ ٹیم کے سابق کپتان اور اسپاٹ فکسنگ میں سزا یافتہ سلمان بٹ کی د
347,کراچی اردو پوائنٹ اخبارتازہ ترین اے پی پی 06 فروری2020ء شہید بے نظیر بھٹو انٹرنیشنل ٹینس ٹورنامنٹ کا
348,لاہور سپورٹس رپورٹر قومی کرکٹ ٹیم کے سابق کپتان اور سینئر بلے باز اظہرعلی نے کہا ہے کہ سری 
349,لاہور اردو پوائنٹ تازہ ترین اخبار 20 نومبر 2020ء بھارتی اداکار گوہر خان نے بیٹے کی طرف سے لگائے گئے دع
350,اسلام باداردو پوائنٹ اخبار تازہ ترین ئی این پی8دسمبر 2012ء افغانستان اور بھارت کی ٹیموں نے اپنی ٹیموں ک
351,لاہورکلچرل رپورٹراداکارہ عائشہ ثناء نے بھی شادی کرنے کا فیصلہ کر لیا انہوںنے کہاکہ ان کی �
352,لاہور نمائندہ سپورٹس قومی کرکٹر سمیع اسلم کا کہنا ہے کہ انھوں نے کراچی میں پی ایس ایل میچز 
353,لاہور کامرس رپورٹر مرکنٹائل ایکسچینج میں گزشتہ روز 14 750 لاٹ کے سودے ارب 23 کروڑ 90 لاکھ 60 ہزار سو رو�
354,ممبئی اردو پوائنٹ اخبارتازہ ترین لائن 01 اپریل2020ء بولی وڈ اداکار عرفان خان کی ان کی گرل فرینڈ اور بی ج�
355,فیروزوالا نامہ نگار شاہدرہ چوک ایک ٹان پلروالا نے روڈ پر بہاریہ غائب شاہدرہ تویثیق کرکے اسکا ت�
356,اسلام باد سپورٹس ڈیسک تجارت وصنعت کے بارے میں وزارت کھیل نے ئی بی اے کی متعلقہ ایف بی ار کو ای
357,بیجنگ اردو پوائنٹ اخبارتازہ ترین ئی این پی27 مئی2016ء چین کا ٹریژری بانڈ فیوچرز پیر کو اضافے پر بن
358,لاہور سٹاف رپورٹر وفاقی وزیر پیٹرولیم شاہد خاقان عباسی کا کہنا ہے کہ وزیراعظم عمران خان نے اپن
359,فلم میں رومانوی کردار بہترین مرض کی بجائے جوانی میں رکھا ہے عرفان خان فوٹو فائل ممبئیبالی وڈ کی ڈ
360,سوئی سدرن گیس کمپنی نے دیامیر بھاشا اور مہمند ڈیمز کی تعمیر کے لئے بھی سی این جی کی سپلائ�
361,جدہ پی پی ائی سعودی عرب نے مزید 30 ملین سعودی ارامکو کے پیکیج سے متعلق عالمی معیارات پر کئے جانیوالے
362,لندن ائی این پیانگلش پریمیئر لیگ فٹبال میں مانچسٹر یونائٹیڈ نے چیلسی کے خلاف تین گول کر دئی
363,لاہوراردو پوائنٹ اخبارتازہ ترین این این ئی 15 اکتوبر2017ء ائی سی سی ایلیٹ پینل میں شامل جنوبی افریقی ا
364,پشاوراردو پوائنٹ اخبارتازہ ترین این این ئی 17 اپریل2017ءڈپٹی کمشنر پشاور ڈاکٹر اسماعیل شاہ نے کہا 
365,لاہورمانیٹرنگ ڈیسک پاکستانی بیٹسمین یونس خان نے کینیڈا میں مسٹر پاکستان بنانے کا اعزاز حاصل کرل
366,فیصل اباد اردو پوائنٹ اخبارتازہ ترین اے پی پی 07 جنوری2019ء پہلا ال پاکستان ٹیکسٹائل پراسیسنگ ملز ایسوسی ا
367,دبئیویب ڈیسک ائی سی سی نے نئی ٹیسٹ رینکنگ جاری کردی جس میں پاکستان کے بابر اعظم کی رینکنگ
368,لاہور کامرس رپورٹر لاہور چیمبر کامرس اینڈ انڈسٹری کے صدر الماس حیدر اور سینئر نائب صدر خواجہ شہزاد ن
369,کراچی اسپورٹس ڈیسک سابق بھارتی اوپننگ بلے باز گوتم گمبھیر کی اپنے کامیاب کیریئر کے بعد ان
370,لاہورسپورٹس رپورٹر نمائندہ سپورٹس تین ملکی سیریز میں شرکت کے لئے قومی جونیئر ٹیم سکاٹ لینڈ �
371,دبئیسری لنکن کرکٹ بورڈ نے اپنے متنازع بیان دینے پر زمبابوے کرکٹ بورڈ سے رجوع کرلیا ذرائع کے مطا�
372,ممبئی بالی ووڈ اداکارہ کرینہ کپور خان نے فلموں میں کام کرنے سے بال بال بچنے کیلئے سینئر فنکاروں
373,لاہور سٹاف رپورٹر پنجاب پولیس نے کراچی کے مقامی ہسپتالوں میں فلائنگ کمپیوٹرائزڈ کردہ دفاتر ا
374,لاہور سٹاف رپورٹر چئیرمین ریلویز خواجہ خاور رشید چیمہ نے کہا ہے کہ وزارت ریلوے نے دہشت گ
375,ممبئی اردو پوائنٹ اخبارتازہ ترین اے پی پی 11 جنوری2019ء بالی وڈ اداکار راج کمار رائو نے فلم بدری ناتھ کے ت�
376,کراچی اردو پوائنٹ اخبارتازہ ترین اے پی پی 18 اپریل2019ء رواں سال کی دوسری سہ ماہی میں شرح نمو میں 31 فیص
377,زرعی ترقیاتی بینک کی جانب سے سعودی عرب کو بین الاقوامی روپے قرض کی ادائیگی کے باوجود کاشتکارو
378,کینبرااردو پوائنٹ اخبارتازہ ترین لائن 06 جنوری2020ء سہ ملکی ٹی 20 انٹرنیشنل کرکٹ سیریز کا فائنل جنوری کو
379,لندناردو پوائنٹ تازہ ترین اخبار11مارچ 2019ء قومی ٹیم کے نوجوان فاسٹ بالر شاہین شاہ فریدی نے کہا ہے کہ �
380,پاکستان کرکٹ بورڈپی سی بی نے جنوبی افریقہ کے خلاف ٹیسٹ سیریز کے لیے 17 رکنی اسکواڈ کا اع
381,لاہورسپورٹس رپورٹر دورہ یورپ کے لیے پاکستان ہاکی ٹیم کا تربیتی کیمپ سے نیشنل ہاکی سٹیڈ�
382,لاہور میرے خیال میں پی سی بی کی گورننگ باڈی نے پاک بھارت سیریز کیلئے ابھی تک سخت سیکیورٹ�
383,کراچی پاکستان نے والی انتہائی متعدد موبائل بینکوں سے واپس لیے گئے موبائل نیٹ ورک میں واضح مواد حذف نہ 
384,لاہور ریڈیو نیوز اداکارہ لیلی زبیری نے کہا ہے کہ میرے خلاف بوتل شروع ہو چکا ہے اور ان کے خل
385,ایک ڈان بنیاد پر پیپلز پارٹی کو سننے والوں کے لیے بڑا دھچکا لگا ہے ایک سال سے بھی منافع خور شر
386,اسلام اباد اردو پوائنٹ اخبارتازہ ترین اے پی پی 05 اکتوبر2020ء جولائی 2020ء کے دوران مچھلی اور اس کی مصنوعات کی
387,اسلام اباد اردو پوائنٹ اخبارتازہ ترین این این ئی 02 مئی2018ء مالی سال 2018ء کے دوران بیڈویئر روزگار کے 18 منصوبو�
388,سڈنی اردو پوائنٹ اخبارتازہ ترین اے پی پی 12 جنوری2020ء کرکٹ اسٹریلیا نے تصدیق کی ہے کہ اسٹریلیا
389,ممبئی اردو پوائنٹ اخبار تازہ ترین ئی این پی 16نومبر 2012ء سابق بھارتی کرکٹر اور کپتان سارو گنگولی کا ک�
390,برسبین جنوری اے پی پی بال ٹیمپرنگ کیس میں ملوث اسٹریلوی سپنر نیتھن لیون اپنی ئی سی سی ٹیسٹ چی
391,لاہور ڈیلی پاکستان لائن پاکستان کے ڈومیسٹک کرکٹ کے نشریاتی ٹیموں کے لئے اہم سنگ میل عبور ک
392,پاکستانی خواتین کھلاڑیوں کی انٹری نہیں ہے انٹرنیشنل رینکنگ میں تنزلی پاکستان کی چھٹی �
393,اسلام باد ڈیلی پاکستان لائن خوبرو ماڈل اور اداکارہ قندیل بلوچ کی جانب سے دی جانے والی عدالت میں ایک اور ت
394,ممبئی اے پی پی بالی وڈ اداکار سدھارتھ ملہوترا نے کہا ہے کہ دپیکا پاڈوکون کی زندگی پر بننے والی �
395,لاہور ڈیلی پاکستان لائن قومی کرکٹر عماد وسیم کے سوشل میڈ یا پر گردش کرنے والی افواہوں کی تردید �
396,اسلام اباد اردو پوائنٹ اخبارتازہ ترین اے پی پی 16 مئی2018ء رواں سال 2018ء کی تیسری سہ ماہی میں جنوری تا مارچ ک
397,نیویارکاردو پوائنٹ اخبارتازہ ترین ئی این پی 17 ستمبر2017ءپاکستانی نژاد برطانوی اداکارہ امر یکی گلوکار
398,کراچی اسپورٹس رپورٹر روس کی ماریہ شراپوا کو ائندہ ماہ شیڈول سال کے دوسرے گرینڈسلام ٹینس ٹورنامنٹ �
399,نئی دہلی ڈیلی پاکستان لائن بھارتی کرکٹ بورڈ نے کرپشن کے الزام میں سزا پانے والے پلیئرز کے نام
400,لاہور کلچرل رپورٹر اقوام متحدہ کی خیر سگالی سفیر اور یونائٹڈ میجر جنرل نیہا لینڈ کے منتظمین نے
401,اسلام اباد اردو پوائنٹ اخبارتازہ ترین اے پی پی 11 مارچ2020ء اداکار یاسر حسین نے نظم کے لحاظ سے مداحوں کو ن�
402,کیلی فورنیا سماجی رابطے کی معروف ترین ویب سائٹ فیس بک نے بتایا ہے کہ انتظامیہ کو دوبارہ گرفتا
403,کراچیاردو پوائنٹ تازہ ترین اخبارئی این پی 15ستمبر 2013ءامریکی تجارتی خسارے میں کمی کے باوجود امریکہ
404,ڈھاکہ ویب ڈیسک قومی ٹیم کے ہیڈ کوچ وقار یونس کا کہنا ہے کہ ٹی ٹوینٹی ورلڈ کپ کی میزبان
405,جمیکا اردو پوائنٹ اخبارتازہ ترین این این ئی 01 نومبر2017ءویسٹ انڈیز رواں برس جون میں پہلی مرتبہ ڈے این
406,پیرس نوائے وقت نیوز دنیا کے سب سے چھوٹے گھوڑے فرانس میں ایک کار سے مشابہہ ڈونگ ٹو جہاں انسا
407,اسلام اباد وفاقی وزیر برائے پاور ڈویژن عمر ایوب اور ڈائریکٹر جنرل انڈسٹریز سردار تنویر الیاس نے کہا 
408,نئی دہلیصباح نیوز بھارت کا سب سے بڑا ڈومیسٹک ٹورنامنٹ بدھ سے ستمبر تک ممبئی میں ہوگا ٹورنامنٹ م�
409,لاہور پاکستان کرکٹ بورڈ نے سابق کپتان اور مایہ ناز رانڈر انضمام الحق کو بیک وقت دورہ انگلینڈ کیل�
410,دبئیئی این پی قومی کر کٹ ٹیم کے کپتان سرفراز احمدنے کہا ہے کہ پاکستان کی ٹی ٹوئنٹی ٹیم ا�
411,برسبیناردو پوائنٹ اخبارتازہ ترین لائن 04 جنوری2018ء ڈیوس کپ ٹائی ورلڈ گروپ ٹو کا پہلا رانڈ شام ساڑھے پان�
412,کراچی سونے کی قیمت میں ایک بار پھر اضافہ ہوگیا ہے تفصیلات کے مطابق سونے کی فی تولہ قیمت م�
413,اسلام اباد اردو پوائنٹ اخبارتازہ ترین این این ئی 11 فروری2019ء اسلام اباد چیمبر اف کامرس اینڈ انڈسٹری کے �
414,ممبئی جسارت نیوزائی سی سی ویمنز ورلڈ ٹی ٹوئنٹی کپ کے سیمی فائنلز اج کھیلے جائینگے اس سلسلے م�
415,لاہور اردو پوائنٹ تازہ ترین اخبار24اپریل 2020ء پاکستان کرکٹ بورڈ کے چیئر مین احسان مانی نے انٹر نیشنل �
416,ایسا لگتا ہے کہ اسمارٹ فونز بنانے والی دنیا کی معروف کمپنی ایپل کا ایسا پلیٹ فارم متعارف کروانے ج
417,لاہوراردو پوائنٹ تازہ ترین اخبار 25اکتوبر2019ء چئیرمین پی سی بی شہریارخان نے کہاہے کہ کوروناوائرس ک
418,ایڈنبرا اردو پوائنٹ اخبارتازہ ترین اے پی پی 11 مئی2019ء اسڑیلیا نے کہا ہے کہ جولائی کے دوران ملک میں
419,پاکستانی ٹیم اسٹریلیا کے خلاف پہلے کرکٹ ٹیسٹ کی پہلی اننگز میں�یتنبیہ کے ساتھ 13سال بعد سات �
420,کراچی اردو پوائنٹ اخبارتازہ ترین اے پی پی 13 جنوری2017ء نیشنل بنک پاکستان کے صدر طارق جاوید سینیئر نائ
421,میڈرڈاردو پوائنٹ اخبارتازہ ترین لائن 19 اپریل2017ء اسپینش فٹبال چیمپئن لیگ کے سیمی فائنل میں مانچسٹر
422,ممبئی اردو پوائنٹ اخبارتازہ ترین اے پی پی 05 اکتوبر2018ء بالی وڈ ہدایتکار وکاس بہل کی فلم سردار کی بھرپو
423,کراچی اردو پوائنٹ اخبار تازہ ترین4اپریل 2009ء رواں مالی سال 200809ء کے پہلے پانچ ماہ جولائی سے اپریل کے دورا
424,لندن سپورٹس ڈیسک انگلینڈ کے معروف فٹبالر ڈیوڈ بیکہم کی ایک ویڈیو سوشل میڈیا پر وائرل ہورہی �
425,کراچی ڈیلی پاکستان لائن پاکستان سپر لیگ پی ایس ایل کے تیسرے ایڈیشن کیلئے ٹیموں کے مالکان ن
426,نیویارک نیٹ نیوز دنیا کی سب سے بڑی بادبانی کشتی کے طور پر ایک مکینک نے ایک ایسا روبوٹ تیار
427,لندن ڈیلی پاکستان لائن پاکستان کرکٹ ٹیم کے مایہ ناز رانڈر شعیب ملک نے کہا ہے کہ جب انجری ہوئی
428,اسلام باد اے پی پی سارک چیمبر کے سینئر نائب صدر اور نائب صدر منتخب ہو گئے پاکستان میں سارک چیمبرز �
429,فیصل باداردو پوائنٹ اخبار تازہ ترین29 اکتوبر2014ءحکومت نے اشیائے خوردو نوش کی قیمتوں کو پر لگانے کیل
430,ممبئی اردو پوائنٹ اخبارتازہ ترین اے پی پی 05 اپریل2018ء بالی وڈ فلمساز بونی کپور نے دستاویزی فلم کے سی�
431,لاہور کامرس رپورٹر مقامی تھوک مارکیٹ میں گذشتہ روز 100 کلو چینی کی بوری کی قیمت میں 100 روپے اضا�
432,معروف اداکارہ صوفی ٹرنر کو سگریٹ نوشی کرتے ہوئے تشویشناک حالت میں ڈاکٹرز کے ساتھ تلخ حقت �
433,افغانستان کرکٹ بورڈ کے انتظامی معاملات پر پاکستان اور افغانستان کے درمیان کرکٹ سیریز کا امکان رو
434,حکومت پنجاب کی جانب سے نئے بنک اکاونٹس کی تعداد بڑھانے کی تجویز سامنے ائی ہے پنجاب حکومت نے
435,فیصل باد اے پی پی زرعی ماہرین نے شلجم کے کاشتکاروں کو ہدایت کی ہے کہ وہ موسم گرما کی شدت سے �
436,کیا بتاسکتے ہیں کہ کوئی بیگم نہیں ہے کہ ان سے کبھی وقت گزرا ہے اگر ہاں تو کیا کبھی
437,لاہورنمائندہ سپورٹسسپورٹس رپورٹر اے سی سی انڈر 19 ایشیا کرکٹ کپ میں پاکستان نے پہلے میچ میں ہ
438,نیویارک 17 اگست اے پی پی امریکی ئل مارکیٹ میں خام تیل کے نرخوں میں اضافہ ہوا جس کی وجہ امریکی
439,اداکارہ سجل علی جلد ہی بہت جلد تینوں فلمی کیریئر کا اغاز کریں گی جس میں وہ خواتین کو اپنی کار
440,کراچیاسپورٹس رپورٹر پاکستان کے اعصام الحق اور جولین روزے کو انڈورز اوپن ٹینس چیمپئن شپ کے فائ
441,میلبورن اردو پوائنٹ اخبارتازہ ترین اے پی پی 20 جنوری2017ء جان بلیک نے پولش کائونٹی سسیکس کو شکست دے کر
442,خیبر ایجنسی لائن صدر مملکت ممنون حسین نے فصلوں کو نقصان پہنچانے کے باعث ائل کمپنی اف پاکستان سے م
443,فیروز والہ نامہ نگار دریائے راوی امیروں کے تحفظ کیلئے پاکستان کا بڑا انعامی سکیم راوی امیروں
444,ممبئیاردو پوائنٹ اخبارتازہ ترین این این ئی 12 اکتوبر2016ء بالی ووڈ کی مایہ ناز اداکارہ رانی مکھرجی کی ف
445,اسلام باد اردو پوائنٹ اخبار تازہ ترین27جولائی 2009ء بھارت کے ارب پتی تاجر روہت شیٹھی نے پاکستان میں زادی 
446,سکھرسندھ نے جنوبی وزیرستان کے علاقے میرپور خاص میں یکجہتی کا اظہار کرتے ہوئے تقریبا سال قبل مح
447,کراچی ڈیلی پاکستان لائن شہر قائد کے صرافہ بازار میں سونے کی فی تولہ قیمت میں 500 روپے کمی ہو گئ
448,لاہور کلچرل رپورٹر معروف رائٹر اور ڈائریکٹر ڈاکٹر اجمل ملک نے کہا ہے کہ بھارت کے ساتھ زیادہ س
449,لاہوراردو پوائنٹ اخبارتازہ ترین لائن 30 جولائی2017ء ایشیا کپ میں روایتی حریف بھارت کو شکست دے کر پاکست
450,ڈی سی میری لینڈ کے ڈیریکوئیٹ پاورک کے نام پرستصنعتی اوردفاعی نمائش کا اہتمام کیا گیا جس می
451,کراچی این این ائی معروف کرکٹر حنیف محمد کو کراچی میں عید کی مبارکباد دینے پر شاندار خراج عقیدت پ
452,لاہور سپورٹس رپورٹر قومی ویمن کرکٹ ٹیم کی سابق کپتان ثنامیر ئی سی سی کی ویمن کرکٹ چیمپئن ش�
453,انگلینڈ کرکٹ ٹیم کے سابق فاسٹ بولر بین سٹوکس نے کورونا وائرس سے ہونے والی موت کی تحقیقات کرانے 
454,شارجہ میں کھیلے جا رہے پی ایس ایل تھری میں اپنا پہلا میچ کوئٹہ گلیڈی ایٹرز کیخلاف ک�
455,صوابی اردو پوائنٹ تازہ ترین اخبار 14فروی 2015ء ینگ پنجگور ڈھیر سوات زاد کشمیر چوہدری محمد یعقوب فتح ع
456,لاہور اردو پوائنٹ اخبارتازہ ترین این این ئی 10 جنوری2018ء لاہور چیمبر کے سینئر نائب صدر الماس حیدر کا کہنا
457,جرمنی کے شہر برلن میں ہزاروں کی تعداد میں دنیا کی سب سے بڑی چوٹی ماونٹ ایورسٹ کی نمائش کا ا�
458,پشاور 92 نیوز اسلام اباد ریجن میں اسٹریلیا سے تعلق رکھنے والے تین کھلاڑیوں کو قائداعظم سپر لیگ م�
459,ممبئی اردو پوائنٹ اخبارتازہ ترین لائن 05 اگست2018ء بالی وڈ اداکار اکشے کمار نے کہا ہے کہ ایکشن فلمبراد
460,لاہور اردو پوائنٹ اخبارتازہ ترین این این ئی 24 اپریل2017ء تربیلا منگلا اور چشمہ کے بی ذخائر میں گزشتہ
461,لاہور کلچرل رپورٹر اداکارہ میزبان ندا یاسر کو شادی کے لئے سپین گئی دیوانی کنیڈا پہنچ گئی�
462,لاہور کامرس رپورٹر لاہور چیمبر کامرس اینڈ انڈسٹری کے صدر ملک طاہر جاوید نے کہا کہ تاجر برادری پا
463,لندن اردو پوائنٹ اخبارتازہ ترین این این ئی 20 جون2017ء عالمی فٹبال کی عالمی گورننگ باڈی فیفا نے اپنے معطل 
464,ویسٹ انڈیز کے سابق کپتان رچی رچرڈسن پاکستان اور ورلڈ الیون کے مابین کھیلے گئے ٹی ٹوئنٹی میچ
465,اسلام باد جون اے پی پی وزارت منصوبہ بندی ترقی اصلاحات نے سرکاری شعبہ کے ترقیاتی پروگراموں میں نیشن
466,زندگی صدیوں سے ہی بیمار ہوتی تھی سب سے اوپر اگئی سائنس فکشن اور میک اپ کی کامیابی تک کا س�
467,مشہور مزاحیہ اداکار رنویر سنگھ خر کار اپنے خوابوں کی تعبیر حاصل کرنے کے لیے کافی تیار ہیں ف
468,کراچیویب ڈیسکاینکر پرسن وجاہت اللہ واسطی کا کہنا ہے کہ میں نے اپنے فن کو ایک نئی جدت اور حق�
469,بیونس ئرس نوائے وقت نیوز ارجنٹائن کے دار الحکومت بیونس ئرس میں چمڑے کا سب سے بڑا بچہ ہرمنٹک گڑی
470,اسلام اباد اردو پوائنٹ اخبارتازہ ترین اے پی پی 19 مارچ2017ء وزیراعظم کے مشیر برائے پٹرولیم قدرتی وسائل شاہد �
471,کراچی سابق بلے باز محسن حسن خان کا کہنا ہے کہ سرفراز احمد میں تھوڑی سے بہترین انتخاب تھا لیکن ا
472,اسٹیٹ بینک اف پاکستان نے یکم جولائی 2020ء سے پرانے ڈیزائن کے نوٹوں کی قانونی حیثیت ختم کرنے ک
473,مشہور جنوبی افریقی فاسٹ بولر ڈیل اسٹین کا بولنگ ایکشن ٹیسٹ ہوگیا مشہور جنوبی افریقی اسٹین
474,لاہور ڈیلی پاکستان لائن سری لنکا کے خلاف ٹیسٹ سیریز کیلئے قومی ٹیم کا اعلان کر دیا گیا ہے ت
475,لاہوراردو پوائنٹ اخبار تازہ ترین21جولائی 2009ء پاکستان کرکٹ بورڈ نے وضاحت کی ہے کہ وہ انڈین پریمئر ل�
476,لاہوراردو پوائنٹ اخبار تازہ ترین9دسمبر2006ء پاکستان کرکٹ بورڈ کی دوسری ملاقات ہونے جارہی ہے ذرائع کے م
477,لاہور پاکستان کرکٹ ٹیم کے سابق فاسٹ بالر شعیب اختر نے سارا دن کورونا ٹیسٹ مثبت انے کی وجہ بتا دی سما�
478,لاہور اردو پوائنٹ تازہ ترین اخبار27جولائی 2020ء پاکستان کرکٹ ٹیم کے سابق کپتان سلیم ملک کا کہنا ہے ک
479,کراچی پاکستانی گلوکار عاطف اسلم نے جانوروں کے تحفظ کے لیے ایک بار پھر خصوصی پیغام جاری کی
480,کراچی اسپورٹس رپورٹر کے سی سی اے زونکے زیر اہتمام منعقدہ ال کراچی جشن ازادی عبدالحق میموریل کر �
481,لاہورسپورٹس رپورٹر پاکستان ٹی ٹونٹی ٹیم کے کپتان بابر اعظم نے کہا ہے کہ اگر زمبابوے کو تیسرا �
482,اسلام اباد اردو پوائنٹ اخبارتازہ ترین اے پی پی 26 جنوری2020ء اداکارہ مہوش حیات کے گانے چمکیلی سے بھرا �
483,گوگل پلس کی ٹیکنالوجی سے لیس چوتھی ایپلی کیشن میں ڈیجیٹل اسسٹنٹ پیکجز متعارف کرادیا گ�
484,اسلام اباد اسپورٹس رپورٹرانٹرنیشنل کرکٹ کونسل نے ئی سی سی میں پاکستان اور سری لنکا کے درمیان ہون
485,ابو ظہبی سپورٹس ڈیسک تجربہ کار سری لنکن بلے باز کمار سنگاکارا نے ورلڈ کپ کے مستقبل کے حوالے سے �
486,ممبئی ایک ہفتہ قبل ہی بالی ووڈ کے دبنگ اداکار سلمان خان کی فلم بھارت میں دو سالہ دوستی کے واقعے ک
487,لاہور ڈیلی پاکستان لائن سپاٹ فکسنگ کیس میں سزا یافتہ کرکٹر ناصر جمشید کے وکیل کی جانب سے جار
488,مانچسٹر ڈیلی پاکستان لائن ئی سی سی ورلڈکپ 2019ءکے پہلے سیمی فائنل میچ میں بھارت نے جنوبی افریقہ 
489,لاہور سپورٹس رپورٹر سافٹ بال ورلڈ کپ کے لئے قومی سینئر ٹیم کا اعلان کردیا گیا ہے پہلا ٹرائلز ٹ
490,ٹوکیو اردو پوائنٹ اخبارتازہ ترین اے پی پی 03 اکتوبر2017ء ایشیاء کی بیشتر سٹاک مارکیٹس میں منگل کو ح�
491,پاکستان فلم اور ڈرامہ انڈسٹری کی معروف اداکارہ مہوش حیات نے ایک اور خوبصورت فوٹو شوٹ کروایا جس می�
492,اسلام اباد اردو پوائنٹ اخبارتازہ ترین اے پی پی 28 جنوری2017ء پاکستان کرکٹ بورڈ کے زیراہتمام جاری قائداعظم
493,سنگا پور اردو پوائنٹ اخبارتازہ ترین اے پی پی 16 جولائی2018ء ایشیاء کی بیشتر سٹاک مارکیٹس میں کاروباری
494,کراچی اردو پوائنٹ اخبارتازہ ترین این این ئی 04 اپریل2020ءایف پی سی سی ائی بزنس مین پینل کے سینئر وائس
495,کراچی اردوپوائنٹ اخبا تازہ ترین29 فروری2008 کاروباری ہفتے کے دوسرے روز منگل کو روپے کی نسبت ڈالر کی
496,قصور26 دسمبراردو پوائنٹ اخبارتازہ ترین اے پی پی 26 دسمبر2017ءپاکستان دنیا کے سب سے بڑے اورمقبول کمپیوٹر
497,کراچیکامرس ڈیسکابو ظہبی ٹریڈ کمیٹی کے چیئرمین متحدہ عرب امارات کے کمرشل سیکٹر ڈویلپمنٹ
498,وینس ولیمز نے فائنل میں انجری کے باوجود کینیڈا کی کوئی کلیئر نہیں اسکی فوٹو سوشل میڈیا ٹو
499,لاہور خصوصی نامہ نگارلاہور ڈویلپمنٹ اتھارٹی کے ٹائون پلاننگ ونگ کے عملے نے گزشتہ روز مسلم لی�
500,
