sentences,pos_tags
کراچی اردو پوائنٹ اخبارتازہ ترین این این ئی 08 نومبر2019ءملکی کرنسی مارکیٹوں میں بدھ کوپاکستانی روپ� ,PROPN PROPN NOUN ADJ ADJ PROPN PROPN PROPN PROPN PROPN NOUN NOUN ADP NOUN ADJ NOUN 
کراچیاردو پوائنٹ اخبار تازہ ترین14دسمبر 2014ءگل احمد فلم میں ندیم ملک کے ساتھ کام کرنے کے بعد فلم گھن چ ,PROPN PROPN NOUN ADJ PROPN PROPN PROPN NOUN ADP PROPN NOUN ADP ADP NOUN VERB ADP ADV NOUN VERB PUNCT 
لاہوراردو پوائنٹ اخبارتازہ ترین لائن 17 اپریل2018ء نامور اداکارہ ماڈل ریچل خان نے کہا ہے کہ فلم انڈسٹری ,PROPN PROPN ADJ PROPN NOUN PROPN PROPN ADJ NOUN PROPN PROPN PROPN ADP VERB AUX SCONJ NOUN VERB 
لاہوراردو پوائنٹ اخبارتازہ ترین لائن 11 جنوری2017ءپاکستان اورجنوبی افریقاکی کرکٹ ٹیموں کے مابین ون ڈے ,PROPN PROPN PROPN PROPN NOUN PROPN PROPN PROPN PROPN NOUN NOUN ADP ADP NOUN VERB 
قائد اعظم ٹرافی کے تیسرے رانڈ کے چوتھے دن سنٹرل پنجاب کی دوسری اننگز میں بلوچستان نے ایک سو ا ,NOUN PROPN NOUN ADP ADJ NOUN ADP ADJ NOUN PROPN PROPN ADP ADJ NOUN ADP NOUN ADP NUM NUM PUNCT 
اسلام باد اردو پوائنٹ اخبارتازہ ترین اے پی پی 22 جون2020ء اداکارہ یشما گل کا نیا برائیڈل فوٹو شوٹ جاری ک ,PROPN PROPN PROPN NOUN ADJ ADJ PROPN PROPN PROPN PROPN PROPN NOUN PROPN PROPN ADP ADJ NOUN NOUN NOUN ADJ VERB 
لاہورکامرس رپورٹر سارک چیمبر کامرس اینڈ انڈسٹری کے نائب صدر افتخار علی ملک نے جنوبی ایشیا کی ب ,NOUN NOUN PROPN PROPN PROPN PROPN PROPN ADP NOUN NOUN PROPN PROPN PROPN ADP PROPN PROPN VERB VERB 
لاہورکامرس رپورٹرچیئرمین برائلر گوشت اور دالوں کی درمد میں رکاوٹیں ڈالنے کے لئے فوری اقدامات ک ,NOUN ADJ NOUN NOUN CCONJ NOUN ADP NOUN ADP NOUN VERB ADP ADP ADJ NOUN PUNCT 
ڈربن اردو پوائنٹ اخبارتازہ ترین اے پی پی 19 جنوری2020ء جنوبی افریقہ اور نیوزی لینڈ کی کرکٹ ٹیموں � ,PROPN PROPN PROPN ADJ ADJ PROPN PROPN PROPN PROPN PROPN PROPN PROPN CCONJ PROPN PROPN ADP NOUN NOUN PUNCT 
لاہور کلچرل رپورٹر معروف فلمساز ہدایتکار مسعود بٹ نے اپنی نئی ڈرامہ سیریل عہد وفا کی ریکارڈنگ م� ,PROPN NOUN NOUN ADJ NOUN PROPN PROPN PROPN ADP PRON ADJ NOUN NOUN NOUN PROPN ADP NOUN VERB 
لاہوراردو پوائنٹ تازہ ترین اخبار8نومبر2019ء ئی سی سی کی جانب سے ٹی ٹونٹی کرکٹ کی ٹاپ ٹیموں میں شمول ,PROPN PROPN ADJ ADJ PROPN PROPN PROPN PROPN ADP ADP ADP PROPN PROPN PROPN ADP NOUN NOUN ADP VERB 
لاہور کامرس رپورٹر میاں چنوں صنعتکار نے مسلسل چوتھے کاروباری دن کے دوران لاہور میں افسران کی سہولت ,PROPN PROPN NOUN PROPN PROPN PROPN ADP ADJ ADJ ADJ NOUN ADP ADP PROPN ADP NOUN ADP NOUN 
لاہور کامرس رپورٹر انسپکٹر جنرل پنجاب اور پاکستان ٹریڈرز ایسوسی ایشن کے تعاون سے تین روزہ انٹرن� ,PROPN PROPN NOUN NOUN NOUN PROPN CCONJ PROPN PROPN PROPN PROPN ADP NOUN ADP NUM ADJ NOUN 
نئی دہلی نیٹ نیوز اکثر میں حیرت انگیز انداز میں یہ کہنا چاہتا ہوں کہ اپنے میں کامیابیو� ,ADJ PROPN PROPN PROPN ADV ADP NOUN ADJ NOUN ADP PRON VERB VERB AUX SCONJ PRON ADP PROPN 
ڈائریکٹرشہریارمنوراوراسٹیج ڈرامہ رشتہ کے لئے اداکارہ سارہ خان کا انتخاب دونوں اداکاراں کیل� ,NOUN NOUN NOUN ADP ADP NOUN PROPN PROPN ADP NOUN NUM NOUN VERB 
اسلام باداردو پوائنٹ اخبارتازہ ترین لائن 16 دسمبر2017ء پاکستان ریلوے نے مسافروں کو اپنی بجلی دور روکنے کے ,PROPN PROPN PROPN ADJ PROPN NOUN PROPN PROPN PROPN NOUN ADP NOUN ADP PRON NOUN ADJ VERB AUX 
کراچی کرکٹ ورلڈکپ میں قومی ٹیم کی فتح کا جشن نیشنل اسٹیڈیم کراچی میں جاری ہے جہاں شائق� ,PROPN PROPN PROPN ADP ADJ NOUN ADP NOUN ADP NOUN PROPN PROPN PROPN ADP ADJ AUX PRON VERB 
ویب ڈیسک 13 مئی 2018 معروف اداکار اظفر رحمن نے کہا ہے کہ وہ ڈرامہ انڈسٹری کے برے دن کریں گے ڈرام ,NOUN NOUN PROPN PROPN PROPN ADJ NOUN PROPN PROPN ADP VERB AUX SCONJ PRON PROPN NOUN ADP ADJ NOUN VERB AUX PUNCT 
فیس بک کی جانب سے صارفین کے لیے لچکدار ویڈیو جاری کی جائے گی کراچیمشہور زمانہ بینڈ ون ٹو � ,NOUN NOUN ADP ADP ADP NOUN ADP ADP ADJ NOUN ADJ VERB AUX AUX ADJ NOUN NOUN PROPN PROPN PUNCT 
لاہورسپورٹس ڈیسک ورلڈ کپ 2019ء میں ناک مرحلے کے دوران بنگلہ دیش نے افغانستان کو7 وکٹوں سے ہرا دی ,PROPN PROPN PROPN PROPN PROPN ADP ADJ NOUN ADP ADP PROPN PROPN ADP PROPN PROPN NOUN ADP VERB AUX 
لاہور سٹاف رپورٹر پاکستان انجمن تاجران نے تاجران کے ساتھ انتخابی جلسہ سے خطاب کرتے ہوئے کہا کہ ,PROPN PROPN NOUN PROPN NOUN NOUN ADP NOUN ADP ADP ADJ NOUN ADP NOUN VERB AUX VERB SCONJ 
پشاور بی بی سی خیبر پی کے کے اضلاع میں باپ کے ساتھ دہشت گردی کی متاثرہ بچی کے واقعے کی تح ,PROPN PROPN PROPN PROPN PROPN PROPN PROPN ADP NOUN ADP NOUN ADP ADP NOUN NOUN ADP ADJ NOUN ADP NOUN VERB PUNCT 
لاہور کامرس رپورٹرصوبائی وزیر خزانہ ڈاکٹر عائشہ غوث پاشا نے جاپان کے ساتھ بلاک اینڈ بزنس کونسل ,PROPN PROPN PROPN NOUN NOUN NOUN PROPN PROPN PROPN ADP PROPN ADP ADP PROPN PROPN PROPN PROPN 
کراچی اردو پوائنٹ اخبارتازہ ترین اے پی پی 19 اگست2020ء پاکستان انسٹیٹیوٹ اف ہاکی کے سیکریٹری جنر ,PROPN PROPN NOUN ADJ ADJ PROPN PROPN PROPN PROPN PROPN PROPN PROPN PROPN PROPN ADP NOUN VERB 
دبئی این این ئیسابق پاکستانی کپتان شاہد فریدی کے بیٹے اعظم خان رواں سال شادی کے بندھن میں بندھ ,PROPN PROPN PROPN PROPN ADJ NOUN PROPN PROPN ADP NOUN PROPN PROPN ADJ NOUN NOUN ADP NOUN ADP VERB 
لاہورائی این پیپاکستان کرکٹ بورڈ کے سابق چیئرمین چودھری ذکاء اشرف نے کہا ہے کہ چیف سلی ,PROPN PROPN PROPN PROPN PROPN ADP ADJ NOUN PROPN PROPN PROPN ADP VERB AUX SCONJ PROPN PROPN 
وزیر اعظم کو نوٹس دیا جائے کہ سی این جی کی فروخت بجٹ سے تین ماہ میں فروخت پر پیش کی جائے وزی ,NOUN NOUN ADP NOUN VERB AUX SCONJ PROPN PROPN PROPN ADP NOUN NOUN ADP NUM NOUN ADP NOUN ADP ADV VERB AUX PUNCT 
اسلام اباد بیجنگ اردو پوائنٹ اخبارتازہ ترین اے پی پی 08 جنوری2020ء پاکستان اور جاپان کے مابین تجارت کے حج ,PROPN PROPN PROPN PROPN PROPN ADJ ADJ PROPN PROPN PROPN PROPN PROPN PROPN CCONJ PROPN ADP ADP NOUN ADP NOUN 
ممبئی ویب ڈیسک بھارت کے معروف اداکار اوم پوری کی جانب سے بھارتی ٹی وی کو ملنے والے لفظوں میں انتہا ,PROPN PROPN PROPN PROPN ADP ADJ NOUN PROPN PROPN ADP ADP ADP PROPN PROPN PROPN ADP VERB ADP NOUN ADP VERB 
زیورخاردو پوائنٹ اخبارتازہ ترین ئی این پی 22 جولائی2017ء فیفا کی ڈریم ٹیم کے کھلاڑیوں کی نئی گ ,PROPN NOUN NOUN PROPN PROPN PROPN PROPN PROPN PROPN PROPN ADP NOUN NOUN ADP NOUN ADP ADJ PUNCT 
ٹوکیو 13 فروری اے پی پی ٹوکیو سٹاک ایکسچینج میں جمعہ کو تیزی کا رجحان رہا اور کاروباری سرگرم ,PROPN PROPN PROPN PROPN PROPN PROPN PROPN PROPN PROPN ADP PROPN ADP NOUN ADP NOUN VERB CCONJ NOUN ADJ 
لندننیوز ڈیسک ورلڈ ہاکی لیگ سیمی فائنل ٹورنامنٹ میں پاکستانی ٹیم نے اپنے تیسرے میچ میں اس جیت ,PROPN PROPN PROPN PROPN PROPN NOUN NOUN NOUN ADP ADJ NOUN ADP PRON ADJ NOUN ADP DET VERB 
اسلام اباد اردو پوائنٹ اخبارتازہ ترین اے پی پی 03 ستمبر2018ء رواں مالی سال کے دوران فوجی فرٹیلائزر کمپنی ای ,PROPN PROPN PROPN NOUN ADJ ADJ PROPN PROPN PROPN PROPN PROPN ADJ ADJ NOUN ADP ADP NOUN NOUN NOUN VERB 
ممبئی اردو پوائنٹ اخبارتازہ ترین اے پی پی 15 مارچ2018ء بالی وڈ اداکار سلمان خان کے دو نئے گانے کی مصروفی ,PROPN PROPN NOUN ADJ ADJ PROPN PROPN PROPN PROPN PROPN PROPN PROPN NOUN PROPN PROPN ADP NUM ADJ NOUN ADP ADJ 
لاہور سپورٹس رپورٹر نمائندہ سپورٹس پاکستان کرکٹ ٹیم کے سٹار کرکٹر عمر اکمل نے اپنا انٹرنیشنل � ,PROPN PROPN NOUN PROPN PROPN PROPN PROPN NOUN ADP NOUN NOUN PROPN PROPN ADP PRON NOUN PUNCT 
قاہرہ جولائی اردو پوائنٹ اخبار تازہ ترین 02 جولائی2015ء افریقہ نے کہا ہے کہ سال رواں کے پہلے نو ماہ ,PROPN PROPN PROPN NOUN NOUN ADJ ADJ PROPN PROPN PROPN ADP VERB AUX SCONJ NOUN ADJ ADP ADJ NUM NOUN 
ممبئی اردو پوائنٹ اخبارتازہ ترین اے پی پی 04 مارچ2018ء بالی وڈ فلم یہ جوانی ہے دیوانیکا پہلا پوسٹر جاری ,PROPN PROPN NOUN ADJ ADJ PROPN PROPN PROPN PROPN PROPN PROPN PROPN NOUN DET NOUN AUX PROPN ADJ NOUN ADJ 
سابق ٹیسٹ کرکٹرعاقب جاویدنے پی سی بی کو اسپاٹ فکسنگ میں ملوث کرکٹرز کے خلاف ایکشن پلان کی ,ADJ NOUN NOUN PROPN PROPN PROPN PROPN ADP NOUN NOUN ADP ADJ NOUN ADP ADP NOUN NOUN VERB 
کراچیاردو پوائنٹ اخبارتازہ ترین لائن 01 مارچ2019ءبیرون ملک مقیم پاکستانیوں نے جاری مالی سال کے پہلے دس ماہ � ,PROPN PROPN ADJ ADJ NOUN NUM PROPN NOUN ADJ NOUN ADP ADJ ADJ NOUN ADP ADJ NUM NOUN VERB 
بیجنگ سپورٹس ڈیسک چین میں مارٹن گپٹل اور سپین کی ہی اگ کی جڑواں بچوں کیلئے فٹبال کھیل ,PROPN PROPN PROPN PROPN ADP PROPN PROPN CCONJ PROPN ADP PART NOUN ADP ADJ NOUN ADP NOUN VERB 
اسلام باد این این ئیپاکستان تھرو بال فیڈریشن کے زیراہتمام اور پنجاب تھرو بال ایسوسی ایشن کے تعاون س ,PROPN PROPN PROPN PROPN PROPN PROPN PROPN PROPN ADP ADJ CCONJ PROPN PROPN PROPN PROPN PROPN ADP NOUN PUNCT 
لاہوراردو پوائنٹ اخبارتازہ ترین لائن 26 اگست2017ء ترجمان محکمہ زراعت پنجاب نے کہا ہے کہ موسم گرما کے دورا ,PROPN PROPN PROPN PROPN NOUN PROPN PROPN NOUN NOUN PROPN PROPN ADP VERB AUX SCONJ NOUN NOUN ADP PUNCT 
سوات نوائے وقت رپورٹ سوات کے قریب دوران دیہاتیوں نے ڈاکو کو کھیلتے ہوئے لیویز پر حملہ کر دیا ,PROPN PROPN NOUN PROPN PROPN ADP ADP ADP NOUN ADP NOUN ADP VERB AUX NOUN ADP NOUN VERB AUX 
لاہور مانیٹرنگ ڈیسک پاکستان کرکٹ بورڈ نے کرکٹرز کی دوڑ میں مسلسل پانچویں شکست کے بعد کرکٹ � ,PROPN PROPN PROPN PROPN PROPN PROPN ADP NOUN ADP NOUN ADP ADV ADJ NOUN ADP ADP NOUN VERB 
پاکستان ٹیلی کمیونیکیشن اتھارٹی پی ٹی اے نے جنوری 2020 کے دوران ملک میں سماجی رابطوں کی سائٹ فی ,PROPN PROPN PROPN PROPN PROPN PROPN PROPN ADP PROPN PROPN ADP ADP NOUN ADP ADJ NOUN ADP NOUN ADP 
انٹربینک میں ڈالر چھبیس پیسے سستاہوگیا اوپن مارکیٹ میں ڈالر ایک روپے ستتر پیسے سستا ہوکر ترانو� ,NOUN ADP NOUN NUM NOUN PROPN PROPN NOUN ADP NOUN NUM NOUN NUM NOUN NOUN VERB PUNCT 
کراچی سپورٹس رپورٹر پاکستان فٹ بال فیڈریشن کے ہیڈ فس لاہور میں دودا خان نے کہا ہے کہ پاکستان ,PROPN PROPN PROPN PROPN PROPN PROPN PROPN ADP NOUN PROPN PROPN ADP PROPN PROPN ADP VERB AUX SCONJ PROPN 
وفاقی وزیر برائے سائنس ٹیکنالوجی فواد چوہدری نے نئے منصوبوں کی تعمیر کیلئے نیکسٹ یعنی جون 2016 ت ,ADJ NOUN ADP PROPN PROPN PROPN PROPN ADP ADJ NOUN ADP NOUN ADP NOUN ADV PROPN PROPN VERB 
فیصل باد ستمبر اردو پوائنٹ اخبار تازہ ترین 08 ستمبر2015ء محکمہ زراعت کی جانب سے فاسفورس پوٹھوار سے کپاس ک ,PROPN PROPN PROPN PROPN NOUN NOUN ADJ ADJ PROPN PROPN NOUN NOUN ADP ADP ADP PROPN PROPN ADP NOUN PUNCT 
اسلام باد اردو پوائنٹ اخبارتازہ ترین لائن25 جولائی2016ء پاکستان کی قومی خواتین ٹینس ٹیم ساتھ ایشین ریجنل ,PROPN PROPN PROPN NOUN NOUN ADJ PROPN PROPN PROPN ADP ADJ NOUN NOUN NOUN ADP PROPN NOUN 
کراچی اردو پوائنٹ تازہ ترین اخبار 21فروری 2014ءسیکیورٹیز اینڈ ایکسچینج کمیشن پاکستان کی جانب سے � ,PROPN PROPN PROPN ADJ ADJ NOUN PROPN PROPN PROPN PROPN PROPN PROPN ADP ADP ADP VERB 
کیلیفورنیا 19 جولائی 2019 موبائل فون پریٹنگ سسٹم کی بیٹری چارج کرنے کے لیے نت نئے فیچر بھرا ہوتا ,PROPN PROPN PROPN NUM NOUN NOUN NOUN NOUN ADP NOUN NOUN VERB ADP ADP ADJ ADJ NOUN ADJ VERB 
ملتاناردو پوائنٹ اخبار تازہ ترین 13اپریل2015ء پاکستان کرکٹ ٹیم کے سابق فاسٹ بالر شعیب اختر نے کہا ہے ک� ,PROPN PROPN NOUN ADJ PROPN PROPN PROPN PROPN NOUN ADP ADJ NOUN NOUN PROPN PROPN ADP VERB AUX PUNCT 
مانچسٹر نیوزی لینڈ سے وارم اپ میچ میں پاکستانی ٹیم کی پوزیشن مستحکم ہوگئی انگلینڈ نے بھارت ,PROPN PROPN PROPN ADP PROPN PROPN NOUN ADP ADJ NOUN ADP NOUN ADJ VERB PROPN ADP PROPN 
ویلنگٹناردو پوائنٹ اخبارتازہ ترین لائن 17 مارچ2017ء نیوزی لینڈ کرکٹ بورڈ نے پاکستان کیخلاف ہوم سیری ,PROPN PROPN PROPN PROPN PROPN PROPN PROPN PROPN PROPN PROPN PROPN ADP PROPN ADV PROPN VERB 
لاہور معروف بالی ووڈ اداکارہ نرگس فخری اور اداکار اظہار قاضی کی مشترکہ پریس کانفرنس کا انعقاد کیا � ,PROPN ADJ PROPN PROPN PROPN PROPN PROPN CCONJ NOUN PROPN PROPN ADP ADJ NOUN NOUN ADP NOUN VERB PUNCT 
میلبورناردو پوائنٹ تازہ ترین اخبار14جنوری 2015ء سابق سٹریلوی کرکٹر جارج بیلی نے کہا ہے کہ وہ گھٹن ,PROPN PROPN ADJ ADJ PROPN PROPN ADJ NOUN NOUN PROPN PROPN ADP VERB AUX SCONJ PRON VERB 
ممبئی اردو پوائنٹ اخبارتازہ ترین این این ئی 07 فروری2019ء ائندہ برس شیڈول ائی سی سی ویمنز ورلڈ ٹی ٹونٹی ,PROPN PROPN NOUN ADJ ADJ PROPN PROPN PROPN PROPN PROPN ADJ NOUN NOUN PROPN PROPN PROPN PROPN PROPN PROPN PROPN 
کراچی اردو پوائنٹ اخبارتازہ ترین اے پی پی 22 مارچ2017ء عالمی ایوارڈ یافتہ پاکستانی فلمساز شرمین عبید چنا� ,PROPN PROPN NOUN ADJ ADJ PROPN PROPN PROPN PROPN PROPN ADJ NOUN ADJ ADJ NOUN PROPN PROPN VERB 
لاہوراردو پوائنٹ اخبارتازہ ترین لائن 01 اکتوبر2018ءشہر میں پرچون سطح پر برائلر گوشت کی قیمت 11روپے اضافے � ,PROPN PROPN ADJ PROPN NOUN PROPN PROPN ADP ADJ NOUN ADP NOUN NOUN ADP NOUN NUM NOUN PUNCT 
بیجنگاردو پوائنٹ اخبارتازہ ترین لائن 01 مئی2019ءچین کی تیار کردہ ساز کمپنی ویوو کو کہا گیا ہے کہ � ,PROPN PROPN ADJ PROPN NOUN PROPN PROPN ADP ADJ NOUN ADJ NOUN PROPN ADP VERB AUX AUX SCONJ PUNCT 
لاہورئی این پی فلم سٹار ریما خان نے کہا ہے کہ پاکستان اور بھارت کے درمیان کشیدگی کی بنا پر فل ,PROPN PROPN PROPN NOUN PROPN PROPN PROPN ADP VERB AUX SCONJ PROPN CCONJ PROPN ADP ADP NOUN ADP NOUN ADP VERB 
بیٹسمینوں کی ففٹیز اور ٹیم میں شامل بیٹسمین نے وکٹ پر شاندار کارکردگی کا مظاہرہ کیا فوٹو پی ,NOUN ADP NOUN CCONJ NOUN ADP ADJ NOUN ADP NOUN ADP ADJ NOUN ADP NOUN VERB NOUN VERB 
لاہور ڈیلی پاکستان لائن انگلینڈ کرکٹ ٹیم کے کپتان ئن مورگن نے کہا ہے کہ انگلینڈ پاکستان کے ,PROPN PROPN PROPN PROPN PROPN NOUN NOUN ADP NOUN PROPN PROPN ADP VERB AUX SCONJ PROPN PROPN ADP 
لاہور کلچرل رپورٹر اداکار جنید خان ترک سیریز ارطغرل غازی کے پاکستان میں نشر ہونے جا رہے ہیں ا ,PROPN NOUN NOUN NOUN PROPN PROPN NOUN NOUN PROPN PROPN ADP PROPN ADP NOUN VERB AUX AUX AUX PUNCT 
فائل فوٹوممبئیبھارتی اداکارہ سنی لیون نے فلم جسم ٹومیں کام کرنے کیلئے مشن امپوسیبل سیٹ تیار ک ,NOUN PROPN NOUN PROPN PROPN ADP NOUN NOUN NOUN NOUN VERB ADP NOUN PROPN NOUN ADJ VERB 
لاہوراردو پوائنٹ اخبارتازہ ترین ئی این پی 05 مئی2018ء بلے باز کامران اکمل نے قائد اعظم ٹرافی میں سندھ کی ,PROPN PROPN PROPN PROPN PROPN PROPN PROPN PROPN PROPN NOUN NOUN PROPN PROPN ADP NOUN PROPN NOUN ADP PROPN VERB 
ممبئیویب ڈیسک پاکستان کی معروف اداکارہ صبا قمر کی بالی ووڈ ڈیبیو فلم ہندی میڈیم ریلیز کے پہل� ,PROPN PROPN PROPN ADP ADJ NOUN PROPN PROPN ADP PROPN PROPN PROPN NOUN PROPN NOUN NOUN ADP VERB 
میلبورناردو پوائنٹ اخبارتازہ ترین لائن 09 نومبر2019ء رگبی لیگ ورلڈ کپ 2019ئ کا میلہ انگلینڈ اور نیوزی لینڈ ,PROPN PROPN PROPN PROPN PROPN PROPN PROPN PROPN PROPN PROPN PROPN PROPN ADP NOUN PROPN CCONJ PROPN PROPN 
لاہورسپورٹس رپورٹر سابق چیئرمین پی سی بی اعجاز بٹ نے کہا ہے کہ جسٹس قیوم کی سربراہی میں سا� ,NOUN NOUN ADJ NOUN PROPN PROPN PROPN PROPN PROPN ADP VERB AUX SCONJ NOUN PROPN ADP NOUN ADP VERB 
لاہور پاکستان سپر لیگ کے تیسرے ایڈیشن کے لیے چھٹی ٹیم کا اعلان کردیا گیا جس میں افتتاحی ت ,PROPN PROPN PROPN PROPN ADP ADJ NOUN ADP ADP ADJ NOUN ADP NOUN VERB AUX PRON ADP ADJ VERB 
اسلام اباد اردو پوائنٹ اخبارتازہ ترین این این ئی 05 جون2019ء اسلام اباد یونائیٹڈ اور پشاور زلمی کے درمیان نم ,PROPN PROPN PROPN PROPN NOUN PROPN PROPN PROPN PROPN PROPN PROPN PROPN PROPN PROPN CCONJ PROPN PROPN ADP ADP VERB 
جرمنی سے تعلق رکھنے والی ٹاپ کمپنی نے دنیا کی سب سے سستی ٹیکنالوجی کو تیار کیا ہے جسے جرمنی ,PROPN ADP NOUN VERB ADP NOUN NOUN ADP NOUN ADP PRON ADP ADJ NOUN ADP ADJ VERB AUX PRON PROPN 
میلبورنائی این پی سٹریلیا نے پانچویں اور اخری ون ڈے میچ میں جنوبی افریقہ کو وکٹوں سے شکست دے ,PROPN PROPN PROPN PROPN ADP ADJ CCONJ ADJ NOUN NOUN NOUN ADP PROPN PROPN ADP NOUN ADP NOUN VERB 
سلانوالی18 اگستاردو پوائنٹ اخبارتازہ ترین اے پی پی18 اگست2016ءزرعی ماہرین نے دھنیا کی پچھیتی کا شت ک� ,PROPN PROPN PROPN PROPN ADJ PROPN PROPN PROPN PROPN NOUN ADP NOUN ADP NOUN ADP NOUN VERB 
بالی ووڈ سلطان سلمان خان کی فلم ریس تھری نے اپنی ریلیز کے پہلے دن سری دیوی کی فلموں کو دھوم مچا� ,PROPN PROPN PROPN PROPN PROPN ADP NOUN PROPN PROPN ADP PRON NOUN ADP ADJ NOUN PROPN PROPN ADP NOUN ADP NOUN VERB 
ویلنگٹن اردو پوائنٹ اخبارتازہ ترین اے پی پی 14 جنوری2020ء جنوبی افریقہ اور نیوزی لینڈ کی خواتین ٹیم ,PROPN PROPN PROPN ADJ ADJ PROPN PROPN PROPN PROPN PROPN PROPN PROPN CCONJ PROPN PROPN ADP NOUN NOUN 
جارج ٹان نیوزی لینڈ نے پاکستان کے خلاف تیسرے اور اخری ٹیسٹ میچ کے لیے 14 رکنی اسکواڈ کا اعلان ,PROPN PROPN PROPN PROPN ADP PROPN ADP ADP ADJ CCONJ ADJ NOUN NOUN ADP ADP NUM ADJ NOUN ADP NOUN 
لاہور کامرس رپورٹرپاکستان فلور ملز ایسوسی ایشن پنجاب کے چیئرمین ریاض اللہ خان گروپ لیڈر عاصم رضا م ,PROPN PROPN PROPN PROPN PROPN PROPN PROPN PROPN ADP NOUN PROPN PROPN PROPN NOUN NOUN PROPN PROPN VERB 
لاہور کلچرل رپورٹر اداکارہ افرین پری کا نیا سٹیج ڈرامہ سیلی اپنا دیناں بھر کے پانچ تھیٹر م� ,PROPN NOUN NOUN PROPN PROPN PROPN ADP ADJ NOUN NOUN PROPN PRON PROPN PART ADP NUM NOUN VERB 
کراچی اسٹیٹ بینک نے ائندہ دو ماہ کیلئے شرح سود کو کم کرکے سات فیصد کردیا جس کے تحت مانیٹری ,PROPN PROPN PROPN ADP ADJ NUM NOUN ADP NOUN NOUN ADP ADJ VERB NUM NOUN VERB PRON ADP ADP VERB 
کراچی ئی این پیقومی ٹیم کے سابق کپتان شاہد فریدی کراچی کے نجی ہوٹل میں اپنی سالگرہ منائی � ,PROPN PROPN PROPN PROPN NOUN ADP ADJ NOUN PROPN PROPN PROPN ADP ADJ NOUN ADP PRON NOUN VERB PUNCT 
لاہور شوبزڈیسک تھیٹر کی نامور اداکارہ مہک نور نے کہا ہے کہ حکومت نے تھیٹر ڈرامے اور فلم کی ,PROPN PROPN PROPN ADP ADJ NOUN PROPN PROPN ADP VERB AUX SCONJ NOUN ADP NOUN NOUN CCONJ NOUN VERB 
اپ نے ہر ایک کی خواہش ہوتی ہے کہ پوری اپنی زندگی میں اگے بڑھنے کی خواہش بڑھے اور ان س� ,PROPN ADP DET NUM ADP NOUN VERB AUX SCONJ ADJ PRON NOUN ADP VERB VERB ADP NOUN VERB CCONJ PRON VERB 
لاہوراردو پوائنٹ اخبارتازہ ترین لائن 14 مارچ2019ء پنجاب حکومت نے عالمی بنک کیلئے 6کروڑ50لاکھ ڈالرز کے قرض ,PROPN PROPN ADJ PROPN NOUN PROPN PROPN PROPN NOUN ADP ADJ NOUN ADP NUM NOUN ADP NOUN 
نیویارک معروف کمپنی گوگل اپنے نئے پریٹنگ سسٹم گوگل ارتھ پریٹنگ سسٹم اپنے اسمارٹ فون ایپل پر ,PROPN ADJ NOUN NOUN PRON ADJ NOUN NOUN NOUN NOUN NOUN NOUN PRON NOUN NOUN NOUN ADP 
لاہورخبر نگار بے نظیر انکم سپورٹ پروگرام کے تحت مزدوروں کو ادویات کی فروخت سے روک دیا گیا گذ� ,PROPN PROPN PROPN PROPN PROPN PROPN PROPN ADP ADP NOUN ADP NOUN ADP NOUN ADP VERB AUX AUX PUNCT 
میانوالی نامہ نگار میانوالی سے نقل مکانی کرکے غیرت کے نام پر قتل کی گئی ملزم فرار ہونے کے بعد گھ ,ADJ NOUN PROPN PROPN ADP NOUN NOUN VERB NOUN ADP NOUN ADP NOUN VERB AUX NOUN ADJ VERB ADP ADV PUNCT 
لاہور اردو پوائنٹ اخبارتازہ ترین این این ئی 01 مئی2020ء نامور اداکارہ ریشم نے کہا ہے کہ کورونا وائرس ک� ,PROPN PROPN NOUN NOUN ADJ PROPN PROPN PROPN PROPN PROPN ADJ PROPN PROPN ADP VERB AUX SCONJ PROPN NOUN PUNCT 
صاحبزادہ محبوب عالم کی سب سے بڑی تعداد ان کی تربیت سے خود کو نصیب کررہی ہے فوٹو فائل کراچیصوبائ ,PROPN PROPN PROPN ADP PRON ADP ADJ NOUN PRON ADP NOUN ADP PRON ADP ADJ VERB AUX NOUN NOUN VERB 
فیصل اباد30 دسمبراردو پوائنٹ اخبارتازہ ترین اے پی پی 30 دسمبر2016 ءماہرین زراعت نے باغبانوں کو زمینوں میں ک ,PROPN PROPN PROPN PROPN NOUN ADJ PROPN PROPN PROPN NUM PROPN NOUN NOUN ADP NOUN ADP NOUN ADP VERB 
لاہور سپورٹس رپورٹر نمائندہ سپورٹس اسٹریلیا اور پاکستان کی کرکٹ ٹیموں کے مابین پہلا ٹیسٹ میچ س ,PROPN PROPN NOUN PROPN PROPN PROPN CCONJ PROPN ADP NOUN NOUN ADP ADP ADJ NOUN NOUN PUNCT 
ٹوکیواردو پوائنٹ تازہ ترین اخبارئی این پی 11جون 2013ء پیرالمپکس کا کھیل باکسنگ کے ساتھ ساتھ باکسنگ � ,PROPN PROPN ADJ ADJ NOUN PROPN PROPN PROPN PROPN PROPN ADP NOUN NOUN ADP ADP ADP NOUN VERB 
لندن 92 نیوز ٹینس کے عالمی نمبر ایک نوواک جوکووچ اور سربیا کے نوواک جوکووچ کے درمیان میچ کے دوران ا� ,PROPN NUM NOUN NOUN ADP ADJ NOUN NUM PROPN PROPN CCONJ PROPN ADP PROPN PROPN ADP ADP NOUN ADP ADP VERB 
کولکتہ پاکستان کرکٹ ٹیم بھارت سے کل کولکتہ پہنچ جائے گی جہاں پر پہلا ٹیسٹ کھیلے گیقومی � ,PROPN PROPN PROPN NOUN PROPN ADP NOUN PROPN VERB AUX AUX PRON ADP ADJ NOUN VERB AUX PUNCT 
اسلام باد اردو پوائنٹ اخبارتازہ ترین اے پی پی 06 جون2020ء رواں مالی سال کی پہلی سہ ماہی کے دوران چاول کی بر ,PROPN PROPN PROPN NOUN ADJ ADJ PROPN PROPN PROPN PROPN PROPN ADJ ADJ NOUN ADP ADJ NOUN NOUN ADP ADP NOUN VERB VERB 
اسلام اباد اردو پوائنٹ اخبارتازہ ترین اے پی پی 21 اگست2018ء قومی ٹیم کے سابق کوچ اور سابق کپتان جاوید میا ,PROPN PROPN PROPN NOUN ADJ ADJ PROPN PROPN PROPN PROPN PROPN ADJ NOUN ADP ADJ NOUN CCONJ ADJ NOUN PROPN PROPN 
لاہورئی این پی فلم سٹار ماہرہ خان نے کہا ہے کہ خواتین کو سرکاری نوکریاں دینے کے عوض حاصل کر � ,PROPN PROPN PROPN NOUN PROPN PROPN PROPN ADP VERB AUX SCONJ NOUN ADP ADJ NOUN VERB ADP NOUN NOUN VERB AUX 
کراچیڈیلی پاکستان لائن قومی کرکٹ ٹیم کے سابق کپتان شاہد فریدی نے قذافی سٹیڈیم کا دورہ ک� ,PROPN PROPN PROPN ADJ NOUN NOUN ADP ADJ NOUN PROPN PROPN ADP PROPN PROPN ADP NOUN VERB 
لاہور اردو پوائنٹ اخبارتازہ ترین این این ئی04 جنوری2016ء حکومت پنجاب نے رواں مالی سال201516 کے دوران صوبائی محکم ,PROPN PROPN NOUN ADJ ADJ PROPN PROPN PROPN PROPN PROPN PROPN ADP ADJ ADJ PROPN ADP ADP ADJ VERB 
لاہور سپورٹس ڈیسک پاکستان سپر لیگ کے دوسرے ایڈیشن کی افتتاحی تقریب میں گلوکارہ رابی پیرزا� ,PROPN PROPN PROPN PROPN PROPN PROPN ADP ADJ NOUN ADP ADJ NOUN ADP NOUN PROPN VERB 
ممبئی این جی ٹیبالی ووڈ باربی ڈول کترینہ کیف کی نئی فلم جگا جاسوس کے لیے انوکھا اشارہ دیا گ� ,PROPN PROPN PROPN PROPN PROPN PROPN PROPN PROPN PROPN ADP ADJ NOUN PROPN PROPN ADP ADP ADJ NOUN VERB PUNCT 
پشاور ائی این پی پشاور ہائی کورٹ نے کرپٹ عمران خان کو موبائل فون کا بلوا اٹھانے کا حکم دیدیا میر � ,PROPN PROPN PROPN PROPN PROPN PROPN PROPN ADP NOUN PROPN PROPN ADP NOUN NOUN ADP NOUN VERB ADP NOUN VERB AUX VERB 
فیصل اباد اردو پوائنٹ اخبارتازہ ترین اے پی پی 19 اگست2019ءاپریل کے اخر یا اکتوبر کے مقابلہ میں فیصل ا� ,PROPN PROPN PROPN NOUN NOUN ADJ PROPN PROPN PROPN PROPN PROPN ADP NOUN CCONJ PROPN ADP NOUN ADP PROPN VERB 
کراچیاردو پوائنٹ اخبار تازہ ترین26جولائی 2009ءملک بھر کے تاجر برادری بھارتی فوج اور سرپرست اعلی کو اپن� ,PROPN PROPN NOUN ADJ PROPN PROPN PART ADP NOUN NOUN PROPN NOUN CCONJ NOUN NOUN ADP VERB 
اسلام باد 26 جولائی اردو پوائنٹ اخبارتازہ ترین اے پی پی26 جولائی2016ء وفاقی وزارت منصوبہ بندی ترقی اصلاحات نے ,PROPN PROPN PROPN PROPN PROPN NOUN NOUN ADJ PROPN PROPN PROPN PROPN ADJ NOUN NOUN ADJ NOUN NOUN ADP 
کراچیاسٹاف رپورٹروفاقی وزیر تجارت خرم دستگیر نے کہا ہے کہ پاکستان کی برمدات اب بحال ہو جائیں ,NOUN NOUN NOUN NOUN PROPN PROPN ADP VERB AUX SCONJ PROPN ADP NOUN PRON ADJ VERB AUX 
فیس بک نے حال ہی میں ایک نیا اور سماجی رابطے کی اس ویب سائٹ کی تیاری میں تبدیلی لانے کا فیصل� ,NOUN NOUN ADP NOUN PART ADP NUM ADJ CCONJ ADJ NOUN ADP DET NOUN NOUN ADP NOUN ADP NOUN VERB ADP NOUN 
کراچی اردو پوائنٹ اخبارتازہ ترین این این ئی 29 جون2020ءپاکستان اسٹاک ایکس چینج میں گذشتہ ہفتے کا ,PROPN PROPN NOUN NOUN ADJ PROPN PROPN PROPN PROPN PROPN PROPN PROPN PROPN ADP ADJ NOUN ADP 
کیا اپ جانتے ہیں بھی خلائی مخلوق کو پسند کریں اور انہیں زمین پر سیارہ دکھائی دینے پر اپنا ن� ,DET NOUN VERB AUX PART NOUN NOUN ADP ADJ VERB CCONJ PRON NOUN ADP NOUN VERB AUX ADP PRON VERB 
برسلز 18 اگست اردو پوائنٹ اخبار تازہ ترین 18 اگست2015ء یورپی یونین اور جاپان میں پاکستان کی یورپی یونین ,PROPN PROPN PROPN PROPN NOUN NOUN ADJ ADJ NUM PROPN PROPN PROPN CCONJ PROPN ADP PROPN ADP ADJ VERB 
کراچیاردو پوائنٹ اخبار تازہ ترین ئی این پی 20نومبر 2012ءسندھ ہائی کورٹ نے صوبے کے نگراں ڈاکٹر طاہر ص ,PROPN PROPN NOUN ADJ PROPN PROPN PROPN PROPN PROPN PROPN PROPN PROPN ADP NOUN ADP ADJ NOUN PROPN PROPN 
لندن اردو پوائنٹ اخبارتازہ ترین اے پی پی 18 اپریل2019ء انگلینڈ اور جنوبی افریقہ کی کرکٹ ٹیموں کے د ,PROPN PROPN NOUN ADJ ADJ PROPN PROPN PROPN PROPN PROPN PROPN CCONJ PROPN PROPN ADP NOUN NOUN ADP VERB 
اسلام اباد اردو پوائنٹ اخبارتازہ ترین این این ئی 05 جولائی2017ء پاکستان ٹین پن بالنگ فیڈریشن کے زیراہتمام ,PROPN PROPN PROPN NOUN NOUN PROPN PROPN PROPN PROPN PROPN PROPN PROPN PROPN PROPN PROPN PROPN ADP ADJ 
لاہور خبر نگار اتوار بازاروں کی سرگرمیوں میں تیزی ارہی ہے مگر انتظامیہ کے بہترین نتائج برمد نہ ,PROPN NOUN PROPN PROPN NOUN ADP NOUN ADP NOUN VERB AUX CCONJ NOUN ADP ADJ NOUN ADJ PART 
کراچیاسٹاف رپورٹرکینسر کی مشکل ترین داستان ہے ہمیں اپنی شہرت میں گہرے دن مدافعتی نظام کو اس ,NOUN NOUN ADP ADJ ADJ NOUN AUX PRON PRON NOUN ADP ADJ NOUN ADJ NOUN ADP DET 
کراچی ڈیلی پاکستان لائن قومی کرکٹ ٹیم کے کپتان سرفراز احمد نے کہا ہے کہ وہ صرف میچ میں شکست ,PROPN PROPN PROPN PROPN ADJ NOUN NOUN ADP NOUN PROPN PROPN ADP VERB AUX SCONJ PRON PART NOUN ADP NOUN 
پولیس کی جانب سے مقابلے میں رکاوٹ بننے پر پولیس اہلکار متعلقہ کمیشن تشویش کا شکار ہیں فوٹو ان ,NOUN ADP ADP ADP NOUN ADP NOUN VERB ADP NOUN NOUN ADJ NOUN NOUN ADP NOUN AUX NOUN PRON 
فائل فوٹوگوگل پلے اسٹور سے برقی چارج اور سیلف اسٹک کی تیاری شروع کردی گئی ہےپلے اسٹور اپن ,NOUN PROPN PROPN PROPN ADP NOUN NOUN CCONJ NOUN NOUN ADP NOUN NOUN VERB AUX AUX NOUN VERB 
ماسکو اردو پوائنٹ اخبارتازہ ترین این این ئی 15 جون2018ء فٹبال کی عالمی تنظیم فیفا نے فیفا اور اے ایف سی ,PROPN PROPN PROPN ADJ PROPN PROPN PROPN PROPN PROPN PROPN PROPN ADP ADJ NOUN PROPN ADP PROPN CCONJ PROPN PROPN PROPN 
پرتھاردو پوائنٹ اخبارتازہ ترین لائن 02 نومبر2019ء انگلینڈ کی خاتون کرکٹر گریم سوان نے ٹی ٹونٹی انٹرنی� ,PROPN PROPN PROPN PROPN PROPN PROPN PROPN PROPN ADP NOUN NOUN PROPN PROPN ADP PROPN PROPN PROPN 
لاہور خصوصی رپورٹر پاکستان انڈسٹریل اینڈ ٹریڈرز ایسوسی ایشن فرنٹ پیاف کے سرپرست اعلی گلزار � ,PROPN ADJ NOUN PROPN PROPN PROPN PROPN PROPN PROPN PROPN PROPN ADP NOUN ADJ PROPN PUNCT 
سماجی رابطوں کی ویب سائٹ فیس بک نے کرونا وائرس کے پھیلاو کو روکنے کے لیے تصاویر صارفین کو بدست ,ADJ NOUN ADP NOUN NOUN NOUN NOUN ADP PROPN NOUN ADP NOUN ADP VERB ADP ADP ADJ NOUN ADP VERB 
پاکستان سپر لیگ پی ایس ایل کے انتہائی اہم میچ میں ملتان سلطانز نے پشاور زلمی کیخلاف ٹاس جیت کر ,PROPN PROPN PROPN PROPN PROPN PROPN ADP ADV ADJ NOUN ADP PROPN PROPN ADP PROPN PROPN ADV NOUN VERB AUX 
نیویارک 92 نیوز یو ایس اوپن ٹینس کے پہلے رانڈ میں راجرفیڈرر نے سیمونا ہالپ کو اپ سیٹ شکست دے د ,PROPN PROPN PROPN PROPN PROPN PROPN NOUN ADP ADJ PROPN ADP PROPN ADP PROPN PROPN ADP ADJ NOUN NOUN VERB AUX 
اسلام باد اردو پوائنٹ اخبارتازہ ترین اے پی پی 10 ستمبر2020ء اداکار عدیل حسین نے کہا کہ انہوں نے کبھی ب� ,PROPN PROPN PROPN NOUN NOUN ADJ PROPN PROPN PROPN PROPN PROPN NOUN PROPN PROPN ADP VERB SCONJ PRON ADP PRON VERB 
کراچی کامرس رپورٹر تیسرا پاکستان تھرو بال فیڈریشن رواں برس جولائی میں کراچی میں شیڈول ایشین سک ,PROPN PROPN PROPN ADJ PROPN PROPN PROPN PROPN ADJ NOUN PROPN ADP PROPN ADP NOUN PROPN VERB 
ابوظہبی متحدہ عرب امارات نے پاکستانیوں کے لیے خصوصی سیلز ٹیکس کی ادائیگیوں کی تاریخ میں ت ,PROPN PROPN PROPN PROPN ADP NOUN ADP ADP ADJ NOUN NOUN ADP NOUN ADP NOUN ADP VERB 
فائل فوٹوحیدر باد ڈیووس میں ٹوئٹر نے حبیب کمپنی کی جانب سے عید کی مناسبت سے تبدیلی کرنے کے ع� ,NOUN PROPN PROPN PROPN ADP NOUN ADP PROPN PROPN ADP ADP ADP NOUN ADP NOUN ADP NOUN VERB ADP VERB 
امریکہ کے دارالحکومت سینٹ پیٹرزبرگ میں گزشتہ روز منعقدہ فلمی میلے کے دوران پاکستانی فلم سازوں ,PROPN ADP NOUN PROPN PROPN ADP ADJ NOUN ADJ NOUN NOUN ADP ADP ADJ NOUN NOUN 
اسلام باد نامہ نگاروفاقی وزیر خزانہ سینیٹر اسحاق ڈار نے کہا ہے کہ اس فرمز کے ذریعے معیشت کو ,PROPN PROPN PROPN PROPN NOUN NOUN NOUN PROPN PROPN ADP VERB AUX SCONJ DET NOUN ADP ADP NOUN ADP 
نواب شاہ نامہ نگار محمد اشرف میموریل کرکٹ کلب نے لکشمن جیم خانہ کو 17 رنز سے ہرادیا وحدت کالونی گراو ,PROPN PROPN PROPN PROPN PROPN PROPN PROPN PROPN PROPN ADP PROPN PROPN PROPN ADP NUM NOUN ADP PROPN PROPN PROPN VERB 
بلوم فونٹین اردو پوائنٹ اخبارتازہ ترین اے پی پی 19 مارچ2018ء جنوبی افریقہ اور بنگلہ دیش کی کرکٹ ٹیمو ,PROPN PROPN PROPN PROPN PROPN ADJ PROPN PROPN PROPN PROPN PROPN PROPN PROPN CCONJ PROPN PROPN ADP NOUN VERB 
برسبین سپورٹس ڈیسک برسبین ہیٹ کے مایہ ناز اوپننگ بلے باز ڈیوڈ ملان انجری مسائل سے نجات پانے کے � ,PROPN PROPN PROPN PROPN PROPN ADP PROPN PROPN NOUN NOUN NOUN PROPN PROPN PROPN NOUN ADP NOUN VERB AUX PUNCT 
اسپیشل اولمپکس میں چوتھی پوزیشن حاصل کرنے والی برازیلین پلیئر نیمار فوٹو اے ایف پی فائل ریوڈی ,NOUN NOUN ADP ADJ NOUN NOUN VERB ADP NOUN NOUN PROPN PROPN PROPN PROPN PROPN NOUN VERB 
ابو ظہبی پاکستان اور سری لنکا کے درمیان جاری پہلے ٹیسٹ میچ کے دوسرے روز پاکستان کی پوری ٹیم اپن ,PROPN PROPN PROPN CCONJ PROPN PROPN ADP ADP ADJ ADJ NOUN NOUN ADP ADJ NOUN PROPN ADP ADJ NOUN VERB 
قصور نامہ نگار ڈی پی او قصور عامر بشیر چوک نے کہا ہے کہ عوام کی جانب سے اورنج لائن میٹرو ٹرین م ,NOUN NOUN NOUN PROPN PROPN PROPN NOUN PROPN PROPN PROPN ADP VERB AUX SCONJ NOUN ADP ADP ADP NOUN NOUN NOUN NOUN VERB 
کراچی پی ایس ایل ٹیم پشاور زلمی کے کپتان ڈیرن سیمی اور اسلام اباد یونائیٹڈ کے اہم کھلاڑی ڈ ,PROPN PROPN PROPN PROPN NOUN PROPN PROPN ADP NOUN PROPN PROPN CCONJ PROPN PROPN PROPN ADP ADJ NOUN VERB 
پاکستانی اداکارہ سجل علی کا کہنا ہے کہ وہ بہت جلد شادی کرنے کا ارادہ رکھتی ہیں سجل علی نے ,ADJ NOUN PROPN PROPN ADP VERB VERB SCONJ PRON ADV ADV NOUN VERB ADP NOUN VERB AUX PROPN PROPN ADP 
ابوظہبیپاکستان اور سری لنکا کے درمیان پانچ ایک روزہ میچوں کی سیریز کا پہلا میچ ابوظہبی میں ,PROPN CCONJ PROPN PROPN ADP ADP NUM NUM ADJ NOUN ADP NOUN ADP ADJ NOUN PROPN ADP 
کراچی حکومت اور ادارہ تجارت پر مشتمل اسکیموں کے کروڑوں افراد کے درمیان کشیدہ تعلقات کے خاتمے ,ADJ NOUN CCONJ NOUN NOUN ADP ADJ NOUN ADP NUM NOUN ADP ADP ADJ NOUN ADP ADJ 
ویب ڈیسک06 ستمبر 2018 متعدد اداکارائیں خواتین کی عزت نافذ کرنے کی وجہ سے گھر پر بیٹھ کر برائیڈل ف� ,NOUN PROPN PROPN PROPN ADJ NOUN NOUN ADP NOUN ADJ VERB ADP ADP ADP NOUN ADP VERB AUX PROPN VERB 
شارجہ اردو پوائنٹ اخبارتازہ ترین این این ئی 17 فروری2018ء بالی وڈ فلم شدھی میں اداکارہ پریانکا چوپڑا ن� ,PROPN PROPN NOUN NOUN ADJ PROPN PROPN PROPN PROPN PROPN PROPN PROPN NOUN PROPN ADP NOUN PROPN PROPN PUNCT 
لاہور اردو پوائنٹ اخبارتازہ ترین این این ئی 22 نومبر2020ء لاہور چیمبر کے صدر عرفان اقبال شیخ سینئر نائب صد ,PROPN PROPN PROPN PROPN PROPN PROPN PROPN PROPN PROPN PROPN PROPN PROPN ADP NOUN PROPN PROPN PROPN ADJ NOUN PUNCT 
نیویارک ویب ڈیسک امریکا میں ایک خاتون نے داعش کے انسانی جان کو حرکت دینے پر خوب جشن منایا اور شرار ,PROPN PROPN PROPN PROPN ADP NUM NOUN ADP NOUN ADP ADJ NOUN ADP NOUN VERB ADP ADJ NOUN VERB CCONJ VERB 
کولمبواردو پوائنٹ تازہ ترین اخبار 10دسمبر 2013ء سری لنکا کرکٹ کے سینئر کھلاڑی تلکارتنے دلشان نے کہا � ,PROPN PROPN ADJ ADJ NOUN PROPN PROPN PROPN PROPN PROPN ADP ADJ NOUN PROPN PROPN ADP VERB PUNCT 
اسلام باد لائن گزشتہ پانچ سال کے دوران چین کو بھارت کی جانب سے خام تیل کی پیداوار میں دو اعشاریہ ٹ ,PROPN PROPN NOUN ADJ NUM NOUN ADP ADP PROPN ADP PROPN ADP ADP ADP ADJ NOUN ADP NOUN ADP NUM NOUN VERB 
فیصل باد اردو پوائنٹ اخبارتازہ ترین لائن06 مئی2016ء ایوب زرعی تحقیقاتی ادارہ فیصل باد کے ماہرین زراعت � ,PROPN PROPN PROPN NOUN NOUN ADJ PROPN PROPN PROPN ADJ ADJ NOUN PROPN PROPN ADP NOUN NOUN PUNCT 
ڈھاکہسپورٹس ڈیسک بنگلہ دیشی شائقین کرکٹ نے فاسٹ باولر محمد صف کو بنگلہ دیش پریمیئر لیگ ,NOUN PROPN PROPN PROPN NOUN NOUN ADP PROPN PROPN PROPN PROPN ADP PROPN PROPN PROPN PROPN 
سینٹ لوسیا اردو پوائنٹ اخبارتازہ ترین این این ئی 13 مئی2017ء ویسٹ انڈیز اور پاکستان کی کرکٹ ٹیموں ک� ,PROPN PROPN PROPN PROPN PROPN PROPN PROPN PROPN PROPN PROPN PROPN PROPN PROPN CCONJ PROPN ADP NOUN NOUN PUNCT 
لندن اردو پوائنٹ تازہ ترین اخبار 21نومبر 2015ء ورلڈ کپ 2015ء کی نیوزی لینڈ کے سابق کپتان برینڈن میک کولم ا ,PROPN PROPN PROPN ADJ ADJ NOUN PROPN PROPN PROPN PROPN PROPN ADP PROPN PROPN ADP ADJ NOUN PROPN PROPN PROPN PUNCT 
کراچی ڈیلی پاکستان لائن بیرون ملک مقیم پاکستانیوں نے ترسیلات زر پاکستانیوں کو پیچھے چھوڑ دیا � ,PROPN PROPN PROPN PROPN PROPN NOUN ADJ NOUN ADP NOUN NOUN NOUN ADP ADV VERB AUX PUNCT 
اوول اردو پوائنٹ اخبار تازہ ترین4مئی2007ء قومی کرکٹ ٹیم کے سابق کپتان اور عظیم بلے باز یونس خان نے ک ,PROPN PROPN NOUN NOUN ADJ PROPN ADJ NOUN NOUN ADP ADJ NOUN CCONJ ADJ NOUN NOUN PROPN PROPN ADP VERB 
لاہور شوبز ڈیسک میزبان اداکارہ عائزہ خان نے اپنا سوشل میڈیا اکاونٹ ہیک کرلیا عائزہ خان نے اپن ,PROPN PROPN NOUN NOUN PROPN PROPN PROPN ADP PRON NOUN NOUN NOUN PROPN VERB PROPN PROPN ADP VERB 
میکسیکو سٹیاردو پوائنٹ تاز ترین اخبار 15نومبر 2014ء فٹ بال کی عالمی تنظیم فیفا نے ٹوئنٹی 20 ورلڈ کپ کے ا� ,PROPN PROPN PROPN PROPN ADJ NOUN PROPN PROPN NOUN NOUN ADP ADJ NOUN PROPN ADP PROPN PROPN PROPN PROPN ADP PUNCT 
پاکستانی نامور گلوکار راحت فتح علی خان کی حویلی کے قریب سیکیورٹی گارڈ نے حملہ کر دیا جس کے ن ,ADJ ADJ NOUN PROPN PROPN PROPN PROPN ADP NOUN ADP ADP NOUN NOUN ADP NOUN VERB AUX PRON ADP VERB 
لاہوراردو پوائنٹ اخبارتازہ ترین لائن 30 اگست2018ء فیڈریشن اف پاکستان چیمبرز اف کامرس اینڈ انڈسٹری کے ,PROPN PROPN PROPN PROPN PROPN PROPN PROPN PROPN PROPN PROPN PROPN PROPN PROPN PROPN PROPN VERB 
اسلام اباد اے پی پی اداکار میکال ذوالفقار نے کہا کہ وہ اس وقت کینسر کی بگڑتی علامت ہیں اور انہیں ,PROPN PROPN PROPN PROPN PROPN NOUN PROPN PROPN ADP VERB SCONJ PRON DET NOUN NOUN ADP VERB NOUN AUX CCONJ PRON 
ممبئیاردو پوائنٹ اخبارتازہ ترین لائن 18 جنوری2017ء اکشے کمار اپنی زندگی کی پروفیشنل تاریخ پر بننے والی ,PROPN PROPN NOUN PROPN NOUN PROPN PROPN PROPN PROPN PRON NOUN ADP ADJ NOUN ADP VERB ADP 
لاہورسپورٹس رپورٹر نمائندہ سپورٹس پاکستان کرکٹ بورڈ نے سٹریلیا کیخلاف سیریز کا پہلا ٹیسٹ می ,NOUN NOUN PROPN PROPN PROPN PROPN PROPN ADP ADJ ADP NOUN ADP ADJ NOUN VERB 
ٹوکیو 20 مارچ اے پی پی جاپانی سٹاک مارکیٹ میں پیر کو ابتدائی تجارتی سرگرمیوں کے دوران اضافہ ہوا ,PROPN PROPN PROPN PROPN PROPN PROPN ADJ NOUN NOUN ADP PROPN ADP ADJ ADJ NOUN ADP ADP NOUN VERB 
اسلام اباد اردو پوائنٹ اخبارتازہ ترین اے پی پی 30 مئی2020ء اداکارہ مرا حیلہ امل عالم نے کہا کہ ان کا اپنے ,PROPN PROPN PROPN NOUN ADJ ADJ PROPN PROPN PROPN PROPN PROPN NOUN PROPN PROPN PROPN PROPN ADP VERB SCONJ PRON ADP PRON 
مولانا جمشید احمد مدد اور دراندازی کے خلاف محفل میں احتجاجی دھرنا جمعہ جامعہ زکریا یونیورسٹی ملتان ک� ,NOUN PROPN PROPN NOUN CCONJ NOUN ADP ADP NOUN ADP ADJ NOUN PROPN PROPN PROPN PROPN VERB PUNCT 
سنگاپور سنگاپور پاکستان سے تعلق رکھنے والے ٹک ٹاک اسٹار حریم شاہ کے بعد علی عظمت نے بھی ٹک ٹاک پ ,PROPN PROPN PROPN ADP NOUN VERB ADP NOUN NOUN NOUN PROPN PROPN ADP ADP PROPN PROPN ADP PART NOUN NOUN VERB 
اسلام اباد وزیر تجارت خرم دستگیر خان نے کہا ہے کہ چھ سو ارب روپے مالیت کے گھروں کو راولپنڈی اور � ,PROPN PROPN NOUN NOUN PROPN PROPN PROPN ADP VERB AUX SCONJ NUM NUM NUM NOUN NOUN ADP NOUN ADP NOUN CCONJ VERB 
اسلام اباد اردو پوائنٹ اخبارتازہ ترین این این ئی 11 فروری2020ء میزبان اداکار ہمایوں سعید نے عورت کو کی جان ,PROPN PROPN PROPN NOUN NOUN ADJ PROPN PROPN PROPN PROPN PROPN NOUN NOUN PROPN PROPN ADP NOUN ADP VERB VERB 
مانچسٹراردو پوائنٹ اخبارتازہ ترین این این ئی 01 ستمبر2019ء برطانیہ اور امریکہ کی کرکٹ ٹیموں کے درمی ,PROPN PROPN PROPN PROPN PROPN PROPN PROPN PROPN PROPN PROPN CCONJ PROPN ADP NOUN NOUN ADP VERB 
فائل فوٹوجب کوئی یا منہ کے لیے معاشرے کے ساتھ مواد اور خواتین کی قربانی کرنا چاہتا ہے تو اسے نق ,NOUN NOUN PRON CCONJ NOUN ADP ADP NOUN ADP ADP NOUN CCONJ NOUN ADP NOUN VERB AUX AUX SCONJ PRON PUNCT 
امیتابھ بچن کی اگلے دس سال بعد پوری دنیا میں واپسی کی تیاری ہو رہی ہے اور ان کی اصل عمر اس وقت فلم ,PROPN PROPN ADP ADJ NUM NOUN ADP ADJ NOUN ADP NOUN ADP NOUN VERB AUX AUX CCONJ PRON ADP ADJ NOUN DET NOUN NOUN 
اسلام باد اردو پوائنٹ اخبارتازہ ترین این این ئی23 مئی2016ءپاکستان بلائنڈ کرکٹ کونسل کے زیراہتمام پانچو� ,PROPN PROPN PROPN NOUN ADJ ADJ PROPN PROPN PROPN PROPN PROPN PROPN PROPN ADP ADJ VERB 
لاہور ائی این پی قومی ٹیم کے سابق کپتان عامر سہیل نے پاکستان کرکٹ بورڈپی سی بی کی جانب سے بھ ,PROPN PROPN PROPN PROPN ADJ NOUN ADP ADJ NOUN PROPN PROPN ADP PROPN PROPN PROPN PROPN PROPN ADP ADP ADP VERB 
نیویارکجسارت نیوزپیرس ماسٹرز ٹینس ٹورنامنٹ میں امریکا کی سرینا ولیمز نے نئی تاریخ رقم کرتے ہ ,ADJ PROPN NOUN NOUN NOUN ADP PROPN ADP PROPN PROPN ADP ADJ NOUN NOUN VERB AUX 
لاہور قومی ٹیم کے چیف سلیکٹر انضمام الحق کا کہنا ہے کہ پاکستان کرکٹ ٹیم کو دورہ انگلینڈ می ,PROPN ADJ NOUN ADP NOUN NOUN PROPN PROPN ADP VERB VERB SCONJ PROPN NOUN NOUN ADP NOUN PROPN VERB 
ممبئی اردو پوائنٹ اخبارتازہ ترین اے پی پی 24 مئی2018ء بالی وڈ اداکار سلمان خان نے کہا ہے کہ وہ انسان ہی� ,PROPN PROPN NOUN ADJ ADJ PROPN PROPN PROPN PROPN PROPN PROPN PROPN NOUN PROPN PROPN ADP VERB AUX SCONJ PRON NOUN VERB 
ورلڈ ہیوی ویٹ چیمپئن مارک ویبر جون سینٹرل ہیوی ویٹ چیمپئن شپ کے سیمی فائنل میں پہنچ گئے پ ,PROPN PROPN PROPN PROPN PROPN PROPN PROPN PROPN PROPN PROPN PROPN PROPN ADP NOUN NOUN ADP VERB AUX PUNCT 
کراچی مانیٹرنگ ڈیسک پاکستان کرکٹ ٹیم کے بالنگ کوچ وقاریونس نے کہا ہے کہ انگلینڈ سے پہلے م ,PROPN PROPN PROPN PROPN PROPN NOUN ADP NOUN NOUN PROPN ADP VERB AUX SCONJ PROPN ADP ADV VERB 
کراچیاردو پوائنٹ اخبارتازہ ترین این این ئی 03 دسمبر2018ء مقامی کاٹن مارکیٹ میں گزشتہ ہفتہ کے دوران � ,PROPN PROPN PROPN PROPN PROPN PROPN PROPN PROPN PROPN ADJ NOUN NOUN ADP ADJ NOUN ADP ADP VERB 
لاہور اردو پوائنٹ اخبارتازہ ترین این این ئی 16 مئی2017ء پاکستان کرکٹ بورڈ کے چیئرمین شہر یار خان ایش ,PROPN PROPN NOUN NOUN PROPN PROPN PROPN PROPN PROPN PROPN PROPN PROPN PROPN ADP NOUN NOUN PROPN PROPN VERB 
لاہور اردو پوائنٹ اخبارتازہ ترین این این ئی 22 دسمبر2017ء لاہور ڈویلپمنٹ اتھارٹی کے ٹائون پلاننگ ونگ کے ,PROPN PROPN NOUN NOUN ADJ PROPN PROPN PROPN PROPN PROPN PROPN NOUN NOUN ADP NOUN NOUN NOUN VERB 
پاکستان کی ماڈل اداکارہ مہوش حیات بھی مہوش حیات کے معترف ہوگئیں اداکارہ نے سماجی رابطے کی وی ,PROPN ADP NOUN NOUN PROPN PROPN PART PROPN PROPN ADP ADJ VERB NOUN ADP ADJ NOUN VERB VERB 
پاکستان کی صف اول کی اداکارہ ماہرہ خان کی سوشل میڈیا پر وائرل ہونے والی اس ویڈیو نے سوشل میڈیا صار ,PROPN ADP NOUN PROPN ADP NOUN PROPN PROPN ADP NOUN NOUN ADP ADJ VERB ADP DET NOUN ADP NOUN NOUN VERB 
ممبئی مانیٹرنگ ڈیسکبالی ووڈ کی میگا سٹار سلمان خان نے نئی فلم بھارت کے لئے کئی یادگار گیت قائ ,PROPN PROPN PROPN PROPN ADP NOUN PROPN PROPN PROPN ADP ADJ NOUN PROPN ADP ADP DET ADJ NOUN VERB 
صنعااردو پوائنٹ اخبارتازہ ترین این این ئی 30 جولائی2017ء رواں مالی سال کے پہلے دوماہ میں ملک کی بڑی اشیاء ,PROPN PROPN PROPN PROPN PROPN PROPN PROPN PROPN PROPN ADJ ADJ NOUN ADP ADJ NOUN ADP NOUN ADP ADJ NOUN 
فوٹوفائل ممبئیفلم بادشاہومیں شاہ رخ خان کو بچن خان سے متعارف کرا دیا گیا ہے ان سے قبل اس جوڑے ن� ,PROPN PROPN NOUN PROPN PROPN PROPN ADP PROPN PROPN ADP ADJ VERB AUX AUX AUX PRON ADP ADP DET NOUN VERB 
سری لنکن کرکٹ ٹیم جو کہ اکلوتی کرکٹ بورڈ کے چیف ایگزیکٹو سابق کپتان اینجلومیتھیوز ک� ,PROPN PROPN PROPN NOUN PRON PART PROPN PROPN PROPN ADP NOUN NOUN ADJ NOUN PROPN PUNCT 
برمنگھم نیوز ڈیسک انٹرنیٹ پر موجود حال ہی میں ایک کمپنی نے بھارت میں دریافت ہونے والی تاریخ ک ,PROPN NOUN NOUN NOUN ADP ADJ NOUN PART ADP NUM NOUN ADP PROPN ADP NOUN VERB ADP NOUN PUNCT 
نئی دہلیئی این پی بھارتی کرکٹ ٹیم کے کپتان ویرات کوہلی دنیا کے بہترین بلے بازوں میں شمار � ,ADJ NOUN PROPN PROPN PROPN NOUN NOUN ADP NOUN PROPN PROPN NOUN ADP ADJ NOUN NOUN ADP NOUN VERB 
سیٹلائٹ بجلی بنانے والی کمپنی اپنی انداز میں بجلی کی تقسیم کار کمپنی یونائیٹڈ نیچرل گیس ک ,NOUN NOUN VERB ADP NOUN PRON NOUN ADP NOUN ADP NOUN PROPN NOUN PROPN PROPN NOUN PUNCT 
کراچی 92 نیوز اداکار محسن عباس حیدر نے بھارتی فلموں میں پاکستانی فنکاروں کو ناکامی کی سخت الفاظ میں ,PROPN NUM NOUN NOUN PROPN PROPN PROPN ADP ADJ NOUN ADP ADJ NOUN ADP NOUN ADP ADJ NOUN ADP 
نئی دہلی ڈیلی پاکستان لائن اس ترقی یافتہ ممالک میں شادیوں کا سیزن عروج پر ہے اور بھارتیوں سمیت ,PROPN PROPN PROPN PROPN PROPN DET NOUN ADJ NOUN ADP NOUN ADP NOUN NOUN ADP AUX CCONJ NOUN ADP 
کلینڈ اے پی پی مارٹن گپٹل ٹی ٹونٹی انٹرنیشنل کرکٹ میں زیادہ وکٹیں لینے والے دنیا کے چوتھ� ,PROPN PROPN PROPN PROPN PROPN PROPN PROPN PROPN NOUN NOUN ADP ADJ NOUN VERB ADP NOUN ADP VERB 
بیجنگنیٹ نیوزچین کے شہر ہیووینگ جیا سے تعلق رکھنے والی ریستوران نے گن لیول کے چاند کو ای� ,PROPN PROPN ADP NOUN PROPN PROPN ADP NOUN VERB ADP NOUN ADP PROPN PROPN ADP NOUN ADP VERB 
ملتان سپورٹس ڈیسک پاکستان کرکٹ بورڈ کے بورڈ گورنرز کے اجلاس میں انگلینڈ اور سری لنکا کی کرک� ,PROPN PROPN PROPN PROPN PROPN PROPN ADP NOUN NOUN ADP NOUN ADP PROPN CCONJ PROPN PROPN ADP VERB 
انقرہ فرانس میں کامیاب ترک سیریز ارطغرل غازی کے پردے کے پیچھے کی ویڈیو وائرل ہوگئی ترک حک ,PROPN PROPN ADP ADJ NOUN NOUN PROPN PROPN ADP NOUN ADP ADP ADP NOUN ADJ VERB NOUN PUNCT 
بھارت نے نیوزی لینڈ کے خلاف دوسرا ون ڈے 27 رنز سے جیت کر سیریز اپنے نام کرلی جب کہ مائیکل بیون � ,PROPN ADP PROPN PROPN ADP ADP ADJ NOUN NOUN NUM NOUN ADP VERB AUX NOUN PRON NOUN VERB PRON PART PROPN PROPN PUNCT 
لاہور اردو پوائنٹ تازہ ترین اخبار 22نومبر 2013ء فلم ٹی وی اور تھیٹر کے نامور کامیڈین اداکار قیصر پیا کی م ,PROPN PROPN NOUN ADJ ADJ NOUN PROPN PROPN NOUN PROPN PROPN CCONJ NOUN ADP ADJ NOUN NOUN PROPN PROPN ADP VERB 
اسلام اباداردو پوائنٹ اخبارتازہ ترین این این ئی 13 نومبر2020ء پاکستان ہاکی فیڈریشن کے صدر اختر رسول نے ک� ,PROPN PROPN PROPN PROPN PROPN PROPN PROPN PROPN PROPN PROPN PROPN PROPN PROPN ADP NOUN PROPN PROPN ADP VERB 
پاکستانی امپائر اسد رف کے کم بیک کے ایک اور واقعے پر قومی کرکٹر احمد شہزاد اور ان کے اہل خانہ � ,ADJ NOUN PROPN PROPN ADP ADJ NOUN ADP NUM CCONJ NOUN ADP ADJ NOUN PROPN PROPN CCONJ PRON ADP NOUN ADJ PUNCT 
لاہور اردو پوائنٹ اخبارتازہ ترین لائن 23 مارچ2019ء اداکارہ ماریہ واسطی نے ایک ماہ میں 35ہزار سے زائد فالوورز � ,PROPN PROPN NOUN ADJ ADJ NOUN PROPN PROPN NOUN PROPN PROPN ADP NUM NOUN ADP NOUN ADP ADJ PROPN VERB 
اسپین کے میئر لنکسویلی نے اسلام اباد میں منعقدہ پی ائی اے کے طیاروں کو ایک میٹر کی خوبصورت لگ ,PROPN ADP NOUN PROPN ADP PROPN PROPN ADP ADJ PROPN PROPN PROPN ADP NOUN ADP NUM NOUN ADP ADJ VERB 
کراچیاردو پوائنٹ تازہ ترین اخبار 17نومبر 2013ء شعیب اختر نے سابق ٹیسٹ کرکٹرز پر برس کیلئے پابندی لگا د� ,PROPN PROPN ADJ ADJ NOUN PROPN PROPN PROPN PROPN ADP ADJ NOUN NOUN ADP NOUN ADP NOUN VERB PUNCT 
لاہورسپورٹس رپورٹرنمائندہ سپورٹس ایشین چیمپئنزٹرافی ہاکی ٹورنامنٹ کا غازاج ہوگا کوارٹر فائن ,PROPN PROPN PROPN PROPN PROPN PROPN NOUN ADP NOUN VERB NOUN VERB 
کراچی کامرس رپورٹر پاکستان کیمیکلز اینڈ ڈائز مرچنٹس ایسوسی ایشن پی سی ڈی ایم اے کے چیئر ,PROPN PROPN PROPN PROPN PROPN PROPN PROPN PROPN PROPN PROPN PROPN PROPN PROPN PROPN PROPN ADP VERB 
لاہور سپورٹس رپورٹر ایشیا کپ کیلئے جاری تربیتی کیمپ میں محمد عامر کی بھی شمولیت کا امکان ہ ,PROPN PROPN PROPN PROPN PROPN ADP ADJ ADJ NOUN ADP PROPN PROPN ADP PART NOUN ADP NOUN VERB 
نیویارک این این ئیہالی وڈ فلم ونڈر پار کا پہلا ٹریلر جاری کر دیا گیا ہے یہ فلم انسانوں کے بر عکس ,PROPN PROPN PROPN PROPN PROPN NOUN PROPN PROPN ADP ADJ NOUN ADJ VERB AUX AUX AUX DET NOUN NOUN ADP ADJ NOUN 
لاہورنمائندہ سپورٹس پاکستان کرکٹ بورڈ کے چیف سلیکٹر ہیڈ کوچ مصباح الحق نے ون ڈے اور ٹی 20 ٹیم � ,PROPN PROPN PROPN PROPN PROPN ADP NOUN NOUN NOUN NOUN PROPN PROPN ADP NOUN NOUN CCONJ PROPN PROPN NOUN VERB 
لاہوراردو پوائنٹ اخبارتازہ ترین لائن 08 جنوری2020ء لاہور چیمبر کامرس اینڈ انڈسٹری اور سینئر نائب صدر کامرس ,PROPN PROPN PROPN PROPN PROPN PROPN PROPN PROPN PROPN PROPN PROPN PROPN CCONJ ADJ NOUN NOUN VERB 
اسلام اباد اردو پوائنٹ اخبارتازہ ترین اے پی پی 19 فروری2020ء اداکارہ حمائمہ ملک نے کہا کہ شوبز کا ایک ج� ,PROPN PROPN PROPN NOUN ADJ ADJ PROPN PROPN PROPN PROPN PROPN NOUN PROPN NOUN ADP VERB SCONJ NOUN ADP NUM VERB 
اسٹار فٹ بالر لائنل مس فرانس کے جیل جانے کے بعد مقامی طور پر تلاش کرنے والی ٹیم کا گروپ بندہو گیا اطلاعا� ,NOUN NOUN NOUN NOUN PROPN PROPN ADP NOUN VERB ADP ADV ADJ NOUN ADP NOUN VERB ADP NOUN ADP NOUN ADJ AUX PUNCT 
لندن اے پی پی یورپی یونین نے چین کو ہانگ کانگ اور چین کو ٹیکسوں کی بروقت ادائیگی اور مشرق و ,PROPN PROPN PROPN PROPN PROPN PROPN ADP PROPN ADP PROPN PROPN CCONJ PROPN ADP NOUN ADP ADJ NOUN CCONJ ADJ CCONJ 
لاہور سپورٹس ڈیسک برازیلین فٹ بال فیڈریشن نے کھلاڑیوں کیلئے فیسٹول میچز کے شیڈول کا اعلا ,PROPN PROPN PROPN PROPN NOUN NOUN NOUN ADP NOUN ADP NOUN NOUN ADP NOUN ADP VERB 
لاہور کامرس رپورٹر پاکستان انڈسٹریل اینڈ ٹریڈرز ایسوسی ایشنز فرنٹ پیاف نے کہا ہے کہ پٹرول� ,PROPN PROPN PROPN PROPN PROPN PROPN PROPN PROPN PROPN PROPN PROPN ADP VERB AUX SCONJ VERB 
سلانوالی اردو پوائنٹ اخبارتازہ ترین اے پی پی 10 جولائی2017ءزر عی ما ہر ین نے بتا یا ہے کہ باغبان مو سم سر ما ,PROPN PROPN NOUN ADJ ADJ PROPN PROPN PROPN NUM PROPN NOUN NOUN ADJ NOUN ADP VERB CCONJ AUX SCONJ NOUN NOUN NOUN NOUN VERB 
انڈونیشیا کی وزارت داخلہ کے تعاون سے پاکستان کا ایشیا اور ایشین ممالک کے درمیان دو طرفہ ڈیوٹی ,PROPN ADP NOUN NOUN ADP NOUN ADP PROPN ADP PROPN CCONJ PROPN NOUN ADP ADP NUM NOUN NOUN 
لاہور جسارت نیوز پاکستان کی پہلی انٹرنیشنل کبڈی لیگ اکتوبر میں اسلام باد میں کھیلی جائے گی جس ,PROPN NOUN PROPN PROPN ADP ADJ NOUN PROPN PROPN PROPN ADP PROPN NOUN ADP VERB AUX AUX PRON 
کراچیکامرس رپورٹرگزشتہ ہفتے کے دوران زرمبادلہ کے ذخائر میں 14کروڑ 71لاکھ ڈالرز کی کمی ہوگئ� ,NOUN ADJ NOUN ADP ADP NOUN ADP NOUN ADP NUM NUM NOUN ADP NOUN VERB 
لاہور ویب ڈیسکحبیب بینک لمیٹڈ نے اپنی مالیاتی رپورٹ میں بتایا کہ پاکستان کے بعد ازٹیکس منافع م ,PROPN PROPN PROPN PROPN PROPN ADP PRON ADJ NOUN ADP VERB SCONJ PROPN ADP ADP NOUN NOUN PUNCT 
پاکستان کرکٹ بورڈ پی سی بی کا پی ایس ایل سے نا مناسب رویہ اپنانے پر پی سی بی پریشان کن نہیں � ,PROPN PROPN PROPN PROPN PROPN PROPN ADP PROPN PROPN PROPN ADP ADJ ADJ NOUN VERB ADP PROPN PROPN PROPN ADJ ADJ PART VERB 
اسلام باداردو پوائنٹ تازہ ترین اخبارئی این پی 6جولائی 2013ءرواں مالی سال کے دوران پاکستان میں برمدات کا حجم ا ,PROPN PROPN PROPN ADJ ADJ NOUN PROPN PROPN PROPN NUM ADJ NOUN ADP ADP PROPN ADP NOUN ADP NOUN VERB 
ملتان 92نیوزملتان ریجن میں ہونے والی خواتین کی رنگا رنگ افتتاحی تقریب اج ہو گی جس میں ملتان ڈویژن س� ,PROPN ADJ NOUN ADP VERB ADP NOUN ADP ADJ NOUN ADJ NOUN PART VERB AUX PRON ADP PROPN PROPN PUNCT 
لاہور اردو پوائنٹ اخبار تازہ ترین29نومبر 2014ء سینئر اداکارہ ثمینہ پیرزادہ نے کہا ہے کہ فنون لطیفہ ,PROPN PROPN NOUN NOUN ADJ PROPN PROPN ADJ NOUN PROPN PROPN ADP VERB AUX SCONJ NOUN VERB 
ممبئی ڈیلی پاکستان لائن بھارتی گلوکار ابھیجیت بھٹاچاریا کی تصاویر سوشل میڈیا پر وائرل ہو گئ� ,PROPN PROPN PROPN PROPN PROPN PROPN PROPN PROPN ADP NOUN NOUN NOUN ADP ADJ VERB PUNCT 
ویب ایڈیٹر کینبرا جنوبی افریقہ نے تیسرے ٹیسٹ میں سری لنکا کو تین وکٹوں سے شکست دے کر میچز ,NOUN NOUN PROPN PROPN PROPN ADP ADJ NOUN ADP PROPN PROPN ADP NUM NOUN ADP NOUN VERB AUX NOUN 
لاہورنیوزایجنسیاں پاکستان کرکٹ ٹیم کے سابق کپتان اور پی سی بی کے ڈائریکٹر جنرل جاوید میانداد ,PROPN PROPN PROPN NOUN ADP ADJ NOUN CCONJ PROPN PROPN PROPN ADP NOUN NOUN PROPN PROPN 
بیجنگ نیٹ نیوز پانچ سال بعد کھلاڑیوں کے ایک چھوٹے بھائی کی ویڈیو نے سوشل میڈیا پر دھوم م� ,PROPN PROPN PROPN NUM NOUN ADP NOUN ADP NUM ADJ NOUN ADP NOUN ADP NOUN NOUN ADP NOUN VERB 
لاہوراردو پوائنٹ اخبارتازہ ترین این این ئی 19 نومبر2016ء اداکارہ ماہ نور نے کہا ہے کہ فی الحال شوبز میں عر ,PROPN PROPN PROPN PROPN PROPN PROPN PROPN PROPN PROPN NOUN NOUN PROPN ADP VERB AUX SCONJ ADP ADV NOUN ADP VERB 
لندن اردو پوائنٹ اخبارتازہ ترین این این ئی 12 جنوری2017ء ائی سی سی ویمنز ورلڈ کپ کا میلہ کل ہفتہ سے ان� ,PROPN PROPN PROPN PROPN PROPN PROPN PROPN PROPN PROPN PROPN PROPN PROPN PROPN PROPN PROPN PROPN ADP NOUN NOUN NOUN ADP VERB 
لاہور کامرس رپورٹر پاکستان کونسل برائے ایشیاءڈی ڈبلیو پی اور کانفرنس انٹیریئرز پاکستان کے زیر ,PROPN PROPN PROPN PROPN PROPN PROPN PROPN PROPN PROPN CCONJ NOUN NOUN PROPN ADP ADP 
کراچی ویب ڈیسکسابق پاکستانی کرکٹرز نے کہا ہے کہ محمد حفیظ اور شعیب ملک کی ٹیم میں واپسی ک ,PROPN NOUN PROPN ADJ NOUN ADP VERB AUX SCONJ PROPN PROPN CCONJ PROPN PROPN ADP NOUN ADP NOUN VERB 
حیدرباداردو پوائنٹ اخبارتازہ ترین این این ئی 10 اپریل2018ءحیدرباد چیمبر کامرس اینڈ انڈسٹری کے ایک ا� ,ADJ PROPN NOUN PROPN PROPN PROPN PROPN PROPN PROPN PROPN PROPN PROPN PROPN ADP NUM PUNCT 
اقوام متحدہ کے سیکرٹری جنرل بان کی جانب سے گزشتہ روز جاری ہونے والی ایک نئی خبر کے مطابق سام س ,PROPN PROPN ADP ADJ NOUN NOUN ADP ADP ADP ADJ NOUN ADJ VERB ADP NUM ADJ NOUN ADP ADP ADJ PUNCT 
کراچی اسٹاف رپورٹرجمعہ کو قائد اعظم ٹرافی گریڈ ون کا تیسرا مرحلہ جاری رہا ایس بی پی کی برتری ,NOUN NOUN NOUN ADP NOUN NOUN NOUN PROPN PROPN ADP ADJ NOUN ADJ VERB PROPN PROPN PROPN ADP VERB 
کراچی اردو پوائنٹ اخبارتازہ ترین این این ئی 18 نومبر2020ءپاکستان اسٹاک مارکیٹ میںکاروباری ہفتے کے پ� ,PROPN PROPN NOUN NOUN ADJ PROPN PROPN PROPN PROPN PROPN NOUN NOUN NOUN NOUN ADP VERB 
اسلام باد لائن سپیشل سیکرٹری ٹرانسپورٹ راجہ احمد خان نے کہا ہے کہ ٹیکنالوجی اقتصادی ترقی جی ا ,PROPN PROPN PROPN PROPN PROPN NOUN PROPN PROPN PROPN ADP VERB AUX SCONJ NOUN ADJ NOUN VERB PUNCT 
شارجہ قومی ٹیم کے کپتان سرفراز احمد نے شعیب ملک کو زبردست انداز میں خراج تحسین پیش کیا دوسرے ایک ,PROPN ADJ NOUN ADP NOUN PROPN PROPN ADP PROPN PROPN ADP ADJ NOUN ADP NOUN NOUN ADV VERB ADJ NUM 
اسلام باداردو پوائنٹ اخبارتازہ ترین لائن 21 جنوری2017ء رواں مالی سال کے ماہ دسمبر میں میٹرو بس سروسز کی شرح میں ,PROPN PROPN PROPN ADJ ADJ NOUN PROPN PROPN ADJ ADJ NOUN ADP NOUN PROPN ADP NOUN NOUN NOUN ADP NOUN ADP 
بیجنگ اردو پوائنٹ اخبارتازہ ترین ئی این پی 01 اپریل2017ءچین کا ٹریژری بانڈ فیوچرز منگل کو اضافے پر � ,PROPN PROPN NOUN NOUN ADJ PROPN PROPN PROPN PROPN PROPN ADP ADJ NOUN NOUN PROPN ADP NOUN ADP VERB 
بہاول پور اردو پوائنٹ اخبارتازہ ترین ئی این پی 11 دسمبر2017ء ڈویژنل سپورٹس ڈیپارٹمنٹ بہاولپور کے زیر ,PROPN PROPN PROPN NOUN NOUN ADJ PROPN PROPN PROPN PROPN PROPN NOUN PROPN PROPN PROPN ADP ADP 
نیویارک اردو پوائنٹ اخبار تازہ ترین17ستمبر2014ء ہالی ووڈ فلم اینڈ کیمسٹری کے معروف اداکار ڈینیئل ڈی ,PROPN PROPN NOUN NOUN ADJ PROPN PROPN PROPN PROPN PROPN PROPN ADP ADJ NOUN NOUN VERB 
کراچی اسپورٹس رپورٹرزادی کپ سیریز کے دوسرے میچ میں ناردرن نے سینٹرل پنجاب کو ایک وکٹ سے شک ,PROPN PROPN PROPN PROPN NOUN ADP ADJ NOUN ADP PROPN ADP PROPN PROPN ADP NUM NOUN ADP NOUN 
کراچیاسٹاف رپورٹرانٹر بینک اور مقامی اوپن کرنسی مارکیٹ میں جمعرات کو روپے کے مقابلے ڈالر کی قد ,NOUN NOUN NOUN CCONJ ADJ PROPN NOUN NOUN ADP PROPN ADP NOUN ADP ADP NOUN ADP NOUN 
لاہور اے پی پیگلوکارہ سائرہ نسیم نے کہا ہے کہ معاشرے میں زیادہ معاشرے کے عنوان کی ضرورت ہےں ا ,PROPN PROPN PROPN NOUN PROPN PROPN ADP VERB AUX SCONJ NOUN ADP ADJ NOUN ADP NOUN ADP NOUN VERB PUNCT 
لاہور اردو پوائنٹ اخبارتازہ ترین این این ئی 06 مارچ2018ءملک کی ممتاز ماڈلز صوفیہ مرزا کے ساتھ شادی کے بن ,PROPN PROPN NOUN NOUN PROPN PROPN PROPN PROPN PROPN PROPN ADP ADJ NOUN PROPN PROPN ADP ADP NOUN ADP VERB 
لاہور ڈیلی پاکستان لائن پاکستان کرکٹ بورڈ پی سی بی کے چیئرمین شہر یار خان نے کہا ہے کہ سرف ,PROPN PROPN PROPN PROPN PROPN PROPN PROPN PROPN PROPN PROPN ADP NOUN NOUN PROPN PROPN ADP VERB AUX SCONJ PUNCT 
دبئی پاکستان کرکٹ ٹیم کے کپتان سرفراز احمد نے کہا ہے کہ چیمپئنز ٹرافی میں یکساں فتح سے ,PROPN PROPN NOUN NOUN ADP NOUN PROPN PROPN ADP VERB AUX SCONJ NOUN NOUN ADP ADJ NOUN ADP 
لاہور سٹاف رپورٹر ریلوے حکام نے تمام سیٹلائٹ تیزی سے تعمیر ہونے والی مصنوعات کی نئی ٹرین متعارف ,PROPN NOUN NOUN NOUN NOUN ADP DET NOUN NOUN ADP NOUN VERB ADP NOUN ADP ADJ NOUN ADJ 
لاہورنمائندہ سپورٹس بھارت کیخلاف ٹی ٹونٹی میچ سے قبل قومی ٹیم کے کھلاڑیوں نے کوچنگ سٹاف ک ,PROPN PROPN PROPN ADP PROPN PROPN NOUN ADP ADP ADJ NOUN ADP NOUN ADP NOUN NOUN PUNCT 
پہلے اتنے بڑے پوائنٹس کی ہیں جن سے چوری کی گئی جارہی ہے فوٹو فائل سیئولکرکٹ کی بورڈ ن� ,ADJ DET ADJ NOUN ADP AUX PRON ADP NOUN VERB AUX AUX AUX NOUN NOUN PROPN ADP NOUN PUNCT 
لاہور خبرنگارخصوصی لاہور چیمبر کے صدر عبدالباسط نے کہا ہے کہ محنت اور لگن کی حفاظت کیلئے سی� ,PROPN PROPN PROPN PROPN ADP NOUN PROPN ADP VERB AUX SCONJ NOUN CCONJ NOUN ADP NOUN ADP VERB 
لاہور اردو پوائنٹ اخبارتازہ ترین این این ئی 30 نومبر2018 ءممتازتاجر رہنما وفیروز پور بورڈ لاہور کے سینئر نائ ,PROPN PROPN NOUN ADJ ADJ PROPN PROPN PROPN PROPN PROPN ADJ NOUN PROPN PROPN PROPN PROPN ADP ADJ VERB 
میلبورن اسٹریلیا کے سابق کپتان بریڈ ہیڈن نے سٹریلین کرکٹ کو نیا تجربہ قرار دے دیاسابق اسپن ,PROPN PROPN ADP ADJ NOUN PROPN PROPN ADP ADJ NOUN ADP ADJ NOUN ADJ VERB ADJ PUNCT 
کراچی پاکستان اکانومی واچ کے صدر ڈاکٹر مرتضی مغل نے کہا ہے کہ ائندہ مالی سال ترقیاتی بجٹ کی پ� ,PROPN PROPN PROPN PROPN ADP NOUN NOUN PROPN PROPN ADP VERB AUX SCONJ ADJ ADJ NOUN ADJ NOUN VERB PUNCT 
کراچی اسپورٹس رپورٹرپی سی بی فضل محمود نیشنل کلب کرکٹ چیمپئن شپ کے دوسرے مرحلے کے دوران او ,PROPN PROPN PROPN PROPN PROPN PROPN PROPN PROPN PROPN PROPN PROPN PROPN ADP ADJ NOUN ADP ADP VERB 
لاہور پاکستان کرکٹ بورڈ نے جوہانسبرگ میں کھیلے گئے قومی انڈر 19 کرکٹ ٹورنامنٹ کے دوران جنوبی ا� ,PROPN PROPN PROPN PROPN ADP PROPN ADP VERB AUX ADJ NOUN NUM NOUN NOUN ADP ADP ADJ PUNCT 
لاہور پنجاب حکومت کا چوتھا سالانہ انفراسٹرکچر انوویٹرز سپورٹس بورڈ لاہور میں جاری ہے جس میں دنیا ,PROPN PROPN NOUN ADP ADJ ADJ NOUN NOUN NOUN NOUN PROPN ADP ADJ AUX PRON ADP VERB 
کیپ ٹان این این ئی جنوبی افریقی کرکٹ بورڈ نے سابق کپتان اور موجودہ صدر نامزد کرکٹر اے بی ڈی ,PROPN PROPN PROPN PROPN PROPN PROPN PROPN PROPN PROPN ADP ADJ NOUN CCONJ ADJ NOUN ADJ NOUN PROPN PROPN PROPN 
ٹوکیو اے ایف پی ٹوکیو کے نیشنل انسٹی ٹیوٹ فار رٹ اینڈ ڈیزائن کی رپورٹ میں دعوی کیا گیا ,PROPN PROPN PROPN PROPN PROPN ADP PROPN PROPN PROPN PROPN PROPN PROPN NOUN ADP NOUN ADP NOUN VERB AUX 
کراچی قومی کرکٹ ٹیم کے سابق کپتان وسیم اکرم کا کہنا ہے کہ کوچنگ اسان نہیں ہوتی جبکہ ساب� ,PROPN ADJ NOUN NOUN ADP ADJ NOUN PROPN PROPN ADP VERB VERB SCONJ NOUN NOUN PART VERB CCONJ VERB 
ممبئی اردو پوائنٹ اخبارتازہ ترین این این ئی 22 مارچ2018ء انڈین پریمیر لیگ کے چھٹے ایڈیشن کی افتت ,PROPN PROPN NOUN NOUN PROPN PROPN PROPN PROPN PROPN PROPN PROPN PROPN PROPN ADP NUM NOUN VERB VERB 
زیورخاردو پوائنٹ اخبارتازہ ترین این این ئی 12 فروری2019ء فٹ بال کی عالمی تنظیم فیفا کے زیر اہتمام انڈر ,PROPN PROPN PROPN PROPN PROPN PROPN PROPN NUM PROPN NOUN NOUN ADP ADJ NOUN PROPN ADP ADP NOUN VERB 
اسلام باداردو پوائنٹ اخبارتازہ ترین این این ئی26 دسمبر2015ءقومی بیچ ریسلنگ ٹیم کے کوچ سیف خان نے کہا ,PROPN PROPN PROPN PROPN PROPN PROPN PROPN PROPN PROPN PROPN PROPN NOUN ADP NOUN PROPN PROPN ADP VERB 
سماجی رابطے کی ویب سائٹ انسٹاگرام پر ٹاپ ٹرینڈ بنانے والی ان لائن ایپ ٹک ٹاک کی پہلی کمپنی بن گ� ,ADJ NOUN ADP NOUN NOUN NOUN ADP NOUN NOUN VERB ADP DET NOUN NOUN NOUN NOUN ADP ADJ NOUN VERB PUNCT 
کراچی سٹاک مارکیٹ میں کاروبار کا اغاز منفی زون میں ہوا اور انڈیکس ٹریڈنگ کے دوران بارہ ہزار چ� ,PROPN PROPN NOUN ADP NOUN ADP NOUN ADJ NOUN ADP VERB CCONJ NOUN NOUN ADP ADP NUM NUM PUNCT 
پشاوراردو پوائنٹ اخبارتازہ ترین این این ئی 04 ستمبر2019ء خیبرپختونخواانٹر ڈسٹرکٹ کبڈی چیمپئن شپ اخ ,PROPN PROPN PROPN PROPN PROPN PROPN PROPN PROPN PROPN ADJ NOUN PROPN NOUN NOUN PUNCT 
اسلام باد اردوپوائنٹ اخبارتازہ ترین31 مارچ 2018ء گزشتہ روز ریلوے ورکرز یونین کے چیئرمین کے روبرو عبدال ,PROPN PROPN PROPN PROPN PROPN PROPN PROPN ADJ NOUN PROPN NOUN NOUN ADP NOUN ADP ADP VERB 
اسلام باد ڈیلی پاکستان لائن اقتصادی رابطہ کمیٹی کا اجلاس ہونے کے بعد پاکستان میں ئندہ ماہ میں ٹی ,PROPN PROPN PROPN PROPN PROPN ADJ NOUN NOUN ADP NOUN VERB ADP ADV PROPN ADP ADJ NOUN ADP VERB 
کراچی اردو پوائنٹ اخبارتازہ ترین این این ئی 27 فروری2020ء قائد اعظم ٹرافی فرسٹ الیون ٹورنامنٹ کے ساتویں ر ,PROPN PROPN NOUN NOUN ADJ PROPN PROPN PROPN PROPN PROPN NOUN PROPN PROPN PROPN PROPN PROPN ADP ADJ VERB 
کراچی اردو پوائنٹ اخبار تازہ ترین 22اپریل2015ءچین کے ایک ہفتے کے دوران پاکستان کی برمدات میں 840 فیص ,PROPN PROPN NOUN NOUN ADJ PROPN PROPN ADP NUM NOUN ADP ADP PROPN ADP NOUN ADP NUM PUNCT 
قاہرہ اردو پوائنٹ تازہ ترین اخبارئی این پی 14ستمبر 2013ء مصر میں ہونے والی بین الاقوامی شوٹنگ کی رنگا رنگ ,PROPN PROPN NOUN ADJ ADJ NOUN PROPN PROPN PROPN PROPN PROPN ADP VERB ADP NOUN NOUN NOUN ADP ADJ NOUN 
ممبئی فلم راک اسٹار کے تیسرے سیکوئل کی شوٹنگ جاری ہے اور نے باکس فس پر کنگ خان کے ساتھ بڑے پ ,PROPN NOUN PROPN NOUN ADP ADJ NOUN ADP NOUN ADJ AUX CCONJ ADP PROPN PROPN ADP PROPN PROPN ADP ADP ADJ PUNCT 
کراچی مانیٹرنگ ڈیسک مہنگائی کے طوفان نے عوام کو شدید دبا دیا ہے جبکہ ڈالر کی قدر میں بھی اضا� ,PROPN NOUN NOUN NOUN ADP NOUN ADP NOUN ADP ADJ VERB AUX AUX CCONJ NOUN ADP NOUN ADP PART VERB 
لاہور کامرس رپورٹر اقوام متحدہ کی قریبی ایجنسی ایمازون کی مرکزی کمیٹی کے کنوینر ڈاکٹر حسی ,PROPN PROPN PROPN PROPN PROPN ADP ADJ NOUN PROPN ADP ADJ NOUN ADP NOUN NOUN VERB 
میرے پاکستانی ڈرامے بھارت کا انتہائی مشہور ڈرامہ ہیں جس نے پاکستانیوں کی زہنیت سمجھی جانے وال ,PRON ADJ NOUN PROPN ADP ADV ADJ NOUN AUX PRON ADP NOUN ADP NOUN VERB AUX VERB 
لاہور اے پی پیکامیڈین اداکار سخاوت ناز اپنی 30 ویں سالگرہ کی تقریب کیلئے کراچی ایئرپورٹ پہن ,PROPN PROPN PROPN PROPN NOUN PROPN PROPN PRON NUM PART NOUN ADP NOUN ADP PROPN NOUN VERB 
کوئٹہ بیورو رپورٹ ایجنسیاں نوائے وقت رپورٹ بلوچستان کے ضلع کوئٹہ میں جمعیت علماءاسلام کے مرکز ,PROPN PROPN PROPN PROPN PROPN NOUN PROPN PROPN ADP NOUN PROPN ADP NOUN NOUN ADP NOUN 
اسلام اباد اردو پوائنٹ اخبارتازہ ترین اے پی پی 30 اگست2019ء پاکستانی اداکارہ نادیہ جمیل کی ڈانس کے ساتھ ,PROPN PROPN PROPN NOUN ADJ ADJ PROPN PROPN PROPN NUM PROPN ADJ NOUN PROPN PROPN ADP NOUN ADP ADP 
کراچیاردو پوائنٹ تازہ ترین اخبارئی این پی 5جون 2013ءرواں مالی سال کے پہلے 9ماہ کے دوران تجارتی خسارہ 10ارب ,PROPN PROPN ADJ ADJ NOUN PROPN PROPN PROPN NUM ADJ NOUN ADP ADJ NOUN ADP ADP ADJ NOUN PUNCT 
لاہورکلچرل رپورٹر اداکارہ روبی انعم نے صوبیہ خان ریکھا انکی سالگرہ کے موقع پر علی ظفر کے ڈرامے ,NOUN NOUN NOUN PROPN PROPN ADP PROPN PROPN PROPN ADJ NOUN ADP NOUN ADP PROPN PROPN ADP NOUN 
پاکستان سپر لیگ کے چیئرمین نجم سیٹھی کہتے ہیں کہ ایونٹ کا بائیکاٹ کراچی پہنچ چکا � ,PROPN PROPN PROPN ADP NOUN PROPN PROPN VERB AUX SCONJ NOUN ADP NOUN PROPN VERB AUX PUNCT 
پاکستان کرکٹ ٹیم کے نوجوان بیٹسمین حیدر علی نے کہا کہ میرے لیے بڑی خوشی کا احساس ہو رہا ہ ,PROPN NOUN NOUN ADP NOUN NOUN PROPN PROPN ADP VERB SCONJ PRON ADP ADJ NOUN ADP NOUN VERB AUX PUNCT 
گالاردو پوائنٹ تازہ ترین اخبار17اگست2015ء قومی ٹیم کے لیگ سپنر یاسر شاہ کا کہنا ہے کہ بھارتی سپنر ش ,PROPN PROPN ADJ ADJ PROPN ADJ NOUN ADP NOUN NOUN PROPN PROPN ADP VERB VERB SCONJ PROPN NOUN PUNCT 
لاہور کلچرل رپورٹر پنجاب رٹس کونسل کے زیر اہتمام ہونے والا تین روزہ میوزک فیسٹیول ائی ار سی سی � ,PROPN NOUN PROPN PROPN PROPN PROPN ADP ADP NOUN VERB ADP NUM ADJ NOUN NOUN PROPN PROPN PROPN PROPN PUNCT 
اسلام اباد اردو پوائنٹ اخبارتازہ ترین اے پی پی 04 مئی2019ء رواں مالی سال کی پہلی ششماہی کے دوران فیڈرل بور ,PROPN PROPN PROPN NOUN ADJ ADJ PROPN PROPN PROPN PROPN PROPN ADJ ADJ NOUN ADP ADJ NOUN ADP ADP NOUN VERB 
دبئیاردو پوائنٹ اخبار تازہ ترین20اگست2014ء سٹریلوی کرکٹ ٹیم کے مایہ ناز بلے باز سٹیون سمتھ نے ایک ا ,PROPN PROPN NOUN PROPN PROPN PROPN NOUN NOUN ADP PROPN PROPN NOUN NOUN PROPN PROPN ADP NUM VERB 
کولمبوائی این پیسری لنکا نے رواں برس مارچ اپریل میں ویسٹ انڈیز کے خلاف ٹی ٹونٹی اور ٹیسٹ سیری� ,PROPN PROPN PROPN PROPN ADP ADJ NOUN PROPN PROPN ADP PROPN PROPN ADP ADP NOUN NOUN CCONJ NOUN VERB 
بلفاسٹ اردو پوائنٹ تازہ ترین اخبار9جون2015ء پاکستان اور زمبابوے کے درمیان دوسرا ون ڈے میچ ہفتہ کو بلفاس ,NOUN PROPN NOUN ADJ ADJ PROPN PROPN CCONJ PROPN ADP ADP ADJ NOUN NOUN NOUN NOUN ADP VERB 
اسلام باد اردو پوائنٹ اخبار تازہ ترین15ستمبر2014ء پاکستان بیس بال فیڈریشن کے صدر سید فخر علی شاہ نے کہا � ,PROPN PROPN PROPN NOUN NOUN ADJ PROPN PROPN NUM NOUN NOUN ADP NOUN PROPN PROPN PROPN PROPN ADP VERB PUNCT 
لاہور کلچرل رپورٹر گلوکار سلیم رضا کو اپنی میوزیکل البم کے ساتھ گانے کی ویڈیو جاری کر دی گئ� ,PROPN NOUN NOUN PROPN PROPN PROPN ADP PRON NOUN NOUN ADP ADP VERB ADP NOUN ADJ VERB AUX PUNCT 
کراچیاین این ائیقومی ٹی 20 کرکٹ ٹورنامنٹ میں کراچی وائٹس نے کراچی وائٹس کو 3وکٹوں سے شکست دید� ,PROPN PROPN PROPN PROPN PROPN NOUN NOUN ADP PROPN PROPN ADP PROPN PROPN ADP NOUN ADP NOUN VERB 
سابق کرکٹر فیصل اقبال نے کہا ہے کہ اسٹریلیا کے خلاف شکست سے نوبت کے جھنڈے گاڑ رہا ہے مخال ,ADJ NOUN PROPN PROPN ADP VERB AUX SCONJ PROPN ADP ADP NOUN ADP NOUN ADP NOUN VERB AUX AUX PUNCT 
لاہور اردو پوائنٹ اخبارتازہ ترین لائن 02 اپریل2017ء پاکستان کرکٹ بورڈ پی سی بی کی کرکٹ کمیٹی کا سف ,PROPN PROPN PROPN PROPN PROPN NOUN PROPN PROPN PROPN PROPN PROPN PROPN PROPN PROPN ADP NOUN NOUN ADP VERB 
لاہوراردو پوائنٹ اخبار تازہ ترین 19 اکتوبر2015 ءمحکمہ ابپاشی نے منظور شدہ کاشت کاروں کے لیے بیج سے جان ,PROPN PROPN NOUN ADJ ADJ PROPN PROPN PROPN PROPN ADP ADJ ADJ NOUN NOUN ADP ADP NOUN ADP VERB 
میڈرڈ اردو پوائنٹ اخبارتازہ ترین اے پی پی 18 مئی2017ء اسپین کے مرکزی بینک نے کہا ہے کہ رواں سال ک ,PROPN PROPN NOUN ADJ ADJ PROPN PROPN PROPN PROPN PROPN PROPN ADP ADJ NOUN ADP VERB AUX SCONJ ADJ NOUN PUNCT 
کراچی ڈیلی پاکستان لائنقومی کرکٹ ٹیم کے سابق کپتان اور لیجنڈری فاسٹ بالر وسیم اکرم کی اہلیہ ,PROPN PROPN PROPN PROPN PROPN NOUN ADP ADJ NOUN CCONJ NOUN NOUN PROPN PROPN PROPN ADP NOUN 
لندن نیٹ نیوز برطانوی شہری گراں پری کا ٹریک گھومنے کیلئے بے تاب ہیں ایک رپورٹ کے مطابق ,PROPN PROPN PROPN ADJ NOUN PROPN PROPN ADP NOUN VERB ADP ADJ NOUN AUX NUM NOUN ADP ADP 
نیویارک نیٹ نیوز مس ورلڈ مقابلہ حسن میں بہترین کارکردگی کا مظاہرہ کرنے والی امریکی اداکارہ 33 سالہ ,PROPN PROPN PROPN PROPN PROPN NOUN PROPN ADP ADJ NOUN ADP NOUN VERB ADP ADJ NOUN NUM ADJ 
لاہور اردو پوائنٹ تازہ ترین اخبار4ستمبر 2015ء قومی ٹیم کے فاسٹ بالر عمر گل نے سری لنکا کے خلاف سیریز ک� ,PROPN PROPN NOUN ADJ ADJ NOUN PROPN ADJ NOUN ADP NOUN NOUN PROPN PROPN ADP PROPN PROPN ADP ADP NOUN VERB 
کوالالمپور اردو پوائنٹ اخبارتازہ ترین اے پی پی 21 جنوری2020ء ملائیشین مارکیٹ میں پام ائل کے نرخوں میں فی� ,PROPN PROPN NOUN ADJ ADJ PROPN PROPN PROPN PROPN PROPN PROPN NOUN ADP PROPN PROPN ADP NOUN ADP VERB 
لاہور اردو پوائنٹ تازہ ترین اخبار15مئی2015ء افغان پریمیئر لیگ ٹی ٹونٹی لیگ میں پاکستانی کھلاڑیوں ,PROPN PROPN NOUN ADJ ADJ PROPN PROPN PROPN PROPN PROPN PROPN PROPN ADP ADJ NOUN 
ماسکو اردو پوائنٹ اخبارتازہ ترین اے پی پی 11 جولائی2018ء روسی حکام کے مطابق گزشتہ ماہ کے دوران روسی دار ,PROPN PROPN NOUN ADJ ADJ PROPN PROPN PROPN PROPN PROPN ADJ NOUN ADP ADP ADJ NOUN ADP ADP ADJ VERB 
ممبئی شوبز ڈیسک بالی وڈ اداکار رنبیر کپور اور اداکارہ عالیہ بھٹ بھی فلم سنجو کے دوسرے شیڈول کی ,PROPN PROPN PROPN PROPN PROPN NOUN PROPN PROPN CCONJ PROPN PROPN PROPN PART NOUN PROPN ADP ADJ NOUN VERB 
پاکستان فلم انڈسٹری کی مشہور معروف اداکارہ ماہرہ خان کی تصاویر سوشل میڈیا پر وائرل ہورہی ہیں جس � ,PROPN PROPN PROPN ADP ADJ ADJ NOUN PROPN PROPN ADP NOUN NOUN NOUN ADP ADJ VERB AUX PRON PUNCT 
پہلا ون ڈے انٹرنیشنل اتوار کو قومی ٹیم کے لیے انتظار کی گھڑیاں ختم ہوگئیں کپتان سرفراز احم ,ADJ NOUN NOUN NOUN NOUN ADP ADJ NOUN ADP ADP NOUN ADP NOUN ADJ VERB NOUN ADJ PUNCT 
اسلام اباد اردو پوائنٹ اخبارتازہ ترین اے پی پی 23 جولائی2019ء وزارت منصوبہ بندی ترقی اصلاحات نے سرکاری شعبہ ,PROPN PROPN PROPN NOUN ADJ ADJ PROPN PROPN PROPN PROPN PROPN NOUN NOUN ADJ NOUN NOUN ADP ADJ NOUN 
نیویارک اردو پوائنٹ اخبارتازہ ترین لائن 27 اگست2017ء چینی انٹرنیشنل انرجی اور ریفائننگ کمپنی کے کمر ,PROPN PROPN NOUN ADJ ADJ NOUN PROPN PROPN NOUN NOUN NOUN CCONJ NOUN NOUN ADP VERB 
لاہور اردو پوائنٹ اخبارتازہ ترین اے پی پی 17 اگست2020ءمقامی مارکیٹ میںمنگل کو اشیائے خوردونوش کے جاری ,PROPN PROPN NOUN ADJ ADJ PROPN PROPN PROPN NUM PROPN NOUN PROPN ADP NOUN NOUN ADP ADJ 
فوٹو بشکریہ نیوز مس امریکا کا اعزاز حاصل کرنے والی حسینہ نے سابق ورلڈ نمبر ون سوئٹزرلینڈ کی ماڈل ,NOUN PROPN PROPN PROPN PROPN ADP NOUN NOUN VERB ADP PROPN ADP ADJ NOUN NOUN NOUN NOUN VERB VERB 
برطانوی گلوکارہ ایڈیل جکل لندن میں پرفارم کرنے جارہی ہیںشادی کے لیے ایک دن لندن میں ہی مق� ,ADJ NOUN PROPN PROPN PROPN ADP NOUN VERB AUX NOUN ADP ADP NUM NOUN PROPN ADP PART VERB 
کراچی اردوپوائنٹ اخبا تازہ ترین27جنوری2009 ملک میں زرمبادلہ کے ذخائر میں کمی کا تسلسل برقرار ہے اسٹی ,PROPN PROPN PROPN ADJ PROPN NOUN ADP NOUN ADP NOUN ADP NOUN ADP NOUN ADJ AUX PUNCT 
پشاور سپورٹس ڈیسک پہلی مینزایشین ایمیچور گیمز کے لئے خیبر پختونخوا کی جونیئر سلور میڈلس� ,PROPN PROPN PROPN ADJ NOUN PROPN PROPN ADP ADP PROPN PROPN ADP PROPN PROPN NOUN 
پشاور لائن سرحد چیمبر کامرس اینڈ انڈسٹری کے صدر حاجی محمد افضل اور سینئر نائب صدر خیبر پی کے عبدال ,PROPN PROPN PROPN PROPN PROPN PROPN PROPN ADP NOUN PROPN PROPN PROPN CCONJ ADJ NOUN NOUN PROPN PROPN ADP PROPN 
اسلام باد اے پی پی ایشیائی ترقیاتی بینک حکام نے برمد کنندگان کےلئے بلین ڈالرز قرضے کی منظوری ,PROPN PROPN PROPN PROPN PROPN ADJ ADJ NOUN NOUN ADP ADJ NOUN ADP NOUN NOUN NOUN ADP NOUN 
اسٹیٹ بینک کا کہنا ہے کہ جون میں بیرون ملک سے ایک ہزار ارب روپے کے اضافی ٹیکس عائد ہوئے ت ,PROPN PROPN ADP VERB VERB SCONJ PROPN ADP ADJ NOUN ADP NUM NUM NUM NOUN ADP ADJ NOUN ADJ VERB PUNCT 
کراچی سپورٹس ڈیسک چاکلیٹی ہیرو وحید مراد کی اچانک موت نے ان کی اس بے باک انداز میں شائقین کو ,PROPN PROPN PROPN PROPN PROPN PROPN PROPN ADP ADV NOUN ADP PRON ADP DET ADJ ADJ NOUN ADP NOUN ADP 
لاہور کامرس رپورٹر چیئرمین لاہور ٹائون شپ انڈسٹریز ایسوسی ایشن ڈاکٹر شفیق اے نقی نے حکومت � ,PROPN PROPN NOUN PROPN PROPN PROPN PROPN PROPN PROPN PROPN NOUN PROPN PROPN PROPN ADP NOUN VERB 
لندناردو پوائنٹ اخبارتازہ ترین لائن 02 جون2017ء وارنر بروس اور جیمز اینڈرسن نے بریڈلے واٹر کی نصف سنچریوں ,PROPN PROPN PROPN PROPN PROPN PROPN PROPN PROPN PROPN CCONJ PROPN PROPN ADP PROPN PROPN ADP ADJ NOUN 
شاہین افریدی نے بھارت کے کورے کا منصوبہ ناکام بنادیا میچ بھی جیت لیا فوٹو فائل کوالالمپورقومی � ,PROPN PROPN ADP PROPN ADP PROPN ADP NOUN ADJ ADJ NOUN PART VERB AUX NOUN NOUN PROPN PUNCT 
اسلام باد اردو پوائنٹ اخبار تازہ ترین 15 جولائی2015ءحکومت کی جانب سے ئندہ مالی سال 201314ء کے وفاقی بجٹ کے دورا ,PROPN PROPN PROPN NOUN NOUN ADJ ADJ PROPN PROPN ADP ADP ADP ADJ ADJ NOUN PROPN ADP ADJ NOUN ADP VERB 
نیویارک اردو پوائنٹ اخبارتازہ ترین لائن 28 اکتوبر2016ءامریکا میں خام تیل کے نرخوں میں فیصد کمی ہوئی � ,PROPN PROPN NOUN ADJ ADJ NOUN PROPN PROPN ADP NOUN NOUN ADP NOUN ADP NOUN NOUN VERB PUNCT 
کراچی اسپورٹس رپورٹربنگلہ دیش پریمئر لیگ کے کوالیفائر میچ میں پاکستانی کوچ نے ڈھاکہ ڈائن ,PROPN PROPN PROPN PROPN PROPN PROPN ADP ADJ NOUN ADP ADJ NOUN ADP PROPN VERB 
ایف بی نے کروڑ پتی موبائل دیوی کی درمد کے لیے بڑا دعوی کر دیا ہے بیورو رپورٹ کے مطابق یہ دع ,PROPN PROPN ADP NUM NOUN NOUN NOUN ADP NOUN ADP ADP ADJ NOUN VERB AUX AUX NOUN NOUN ADP ADP PRON VERB 
لندنشوبز ڈیسک نامور برطانوی اداکارہ اینجلینا جولی نے کہا ہے کہ ماں بننے کا افسوس ہے مجھے ام� ,NOUN NOUN ADJ ADJ NOUN PROPN PROPN ADP VERB AUX SCONJ NOUN VERB ADP NOUN AUX PRON PUNCT 
واشنگٹن این این ئی عالمی مالیاتی ادارے کے مطابق رواں سال کے دوران پاکستان میں غیر ملکی سرمایہ کاری س ,PROPN PROPN PROPN PROPN ADJ ADJ NOUN ADP ADP ADJ NOUN ADP ADP PROPN ADP ADJ ADJ NOUN NOUN PUNCT 
واشنگٹن 92 نیوز امریکی خلائی ادارے ناسا نے خلا بازوں کو ایک ایسی بھاری خلائی سفر فراہم کر دیا ہے ,PROPN NUM PROPN ADJ NOUN NOUN PROPN ADP NOUN NOUN ADP NUM DET ADJ NOUN NOUN ADJ VERB AUX AUX 
لاہور اردو پوائنٹ اخبارتازہ ترین لائن 07 اپریل2018ء نامور کامیڈین افتخار ٹھاکر نے کہا ہے کہ سنگھم ت� ,PROPN PROPN NOUN ADJ ADJ NOUN PROPN PROPN ADJ NOUN PROPN PROPN ADP VERB AUX SCONJ PROPN PUNCT 
ابوظہبیاردو پوائنٹ اخبار تازہ ترین17 اکتوبر2014ءپاکستان اور سٹریلیا کے مابین چوتھا ایک روزہ میچ کل ب ,PROPN PROPN NOUN ADJ PROPN PROPN CCONJ NOUN ADP ADP ADJ NUM ADJ NOUN NOUN VERB 
ایڈیلیڈائی این پی سٹریلین کرکٹ ٹیم کے کوچ اور سابق کپتان رکی پونٹنگ کے بعد سابق کپتان س� ,PROPN PROPN PROPN PROPN NOUN NOUN ADP NOUN CCONJ ADJ NOUN PROPN NOUN ADP ADP ADJ NOUN VERB 
پاکستانی فلم سپر اسٹار میں منفی کردار ادا کرنے والی ماہرہ خان نے کہا کہ میری کسی بھی پرانی فلم می� ,ADJ NOUN NOUN NOUN ADP ADJ NOUN NOUN VERB ADP PROPN PROPN ADP VERB SCONJ PRON PRON PART ADJ NOUN VERB 
کراچی اردو پوائنٹ اخبارتازہ ترین این این ئی 28 اپریل2019ءپاکستان اسٹاک ایکس چینج میںکاروباری ہفتے ,PROPN PROPN NOUN NOUN ADJ PROPN PROPN PROPN PROPN PROPN PROPN PROPN PROPN NOUN VERB 
نیویارک یکم نومبر اے پی پی امریکی ئل مارکیٹ میں خام تیل کے نرخوں میں اضافہ ہوا جس کی وجہ بعض ,PROPN PROPN PROPN PROPN PROPN PROPN ADJ NOUN NOUN ADP NOUN NOUN ADP NOUN ADP NOUN VERB PRON ADP ADP ADJ 
کولمبو اردو پوائنٹ اخبارتازہ ترین اے پی پی 28 جولائی2018ء سری لنکا نے بنگلہ دیش کو تین میچوں کی سیری ,PROPN PROPN PROPN ADJ ADJ PROPN PROPN PROPN PROPN PROPN PROPN PROPN ADP PROPN PROPN ADP NUM NOUN VERB VERB 
لاہور اردو پوائنٹ اخبارتازہ ترین لائن 03 جنوری2020ء واپڈا سپورٹس بورڈ کی کرکٹ ٹیم نے ڈومیسٹک سیزن 202019 ء ,PROPN PROPN NOUN ADJ ADJ NOUN PROPN PROPN PROPN PROPN PROPN ADP NOUN NOUN ADP NOUN NOUN PROPN NOUN 
پرتھ اردو پوائنٹ اخبارتازہ ترین اے پی پی 16 دسمبر2019ء اسٹریلوی ٹیم کے ٹاپ ارڈر بلے باز نے انٹرنیشنل � ,PROPN PROPN NOUN ADJ ADJ PROPN PROPN PROPN PROPN PROPN PROPN NOUN ADP NOUN NOUN NOUN NOUN ADP NOUN VERB 
کولمبو اردو پوائنٹ اخبارتازہ ترین این این ئی 11 ستمبر2017ء سری لنکا اور جنوبی افریقہ کی کرکٹ ٹیموں ک� ,PROPN PROPN PROPN PROPN PROPN PROPN PROPN PROPN PROPN PROPN PROPN PROPN CCONJ PROPN PROPN ADP NOUN NOUN PUNCT 
کوئٹہ اردو پوائنٹ اخبارتازہ ترین این این ئی 16 جنوری2017ء جشن ازادی پر بابل اعظم کے نام سے منسوب کوئٹہ ,PROPN PROPN NOUN NOUN ADJ PROPN PROPN PROPN PROPN PROPN NOUN PROPN ADP PROPN PROPN ADP NOUN ADP ADJ PROPN 
لاہوراردو پوائنٹ اخبارتازہ ترین ئی این پی 04 فروری2017ء فلم سٹار ریشم نے کہا ہے کہ جب تک فلم انڈسڑی � ,PROPN PROPN NOUN PROPN PROPN PROPN PROPN PROPN PROPN NOUN PROPN PROPN ADP VERB AUX SCONJ PRON ADP NOUN NOUN PUNCT 
معین علی ایک ڈھاکا کے خلاف ون ڈے میچ میں ٹیم کی قیادت کرنے کے بعد دوبارہ پریکٹس شروع کریں � ,PROPN PROPN PROPN PROPN ADP ADP NOUN NOUN NOUN ADP NOUN ADP NOUN VERB ADP ADV ADV NOUN NOUN VERB PUNCT 
دبئی ائی سی سی کے اینٹی کرپشن یونٹ نے قوانین میں تبدیلی کرتے ہوئے مطالبہ کیا ہے کہ ایون ,PROPN PROPN PROPN PROPN ADP NOUN NOUN NOUN ADP NOUN ADP NOUN VERB AUX NOUN VERB AUX SCONJ VERB 
کراچی اسپورٹس ڈیسک ڈسٹرکٹ ایسٹ فٹ بال ایسوسی ایشن ساوتھ نے انٹر کلب مقابلوں کی تیاری کے ل� ,PROPN PROPN PROPN PROPN PROPN PROPN PROPN PROPN PROPN PROPN ADP NOUN NOUN NOUN ADP NOUN ADP VERB 
اسلام اباد اردو پوائنٹ اخبارتازہ ترین اے پی پی 03 جولائی2017ء پاکستان سکواش فیڈریشن کے زیراہتمام پاکستان � ,PROPN PROPN PROPN NOUN ADJ ADJ PROPN PROPN PROPN PROPN PROPN PROPN PROPN PROPN ADP ADJ PROPN PUNCT 
ممبئی اردو پوائنٹ اخبارتازہ ترین اے پی پی 25 دسمبر2018ء بالی وڈ اداکار ورون دھون اپنی ہر فلم میں سلمان خان ک� ,PROPN PROPN NOUN ADJ ADJ PROPN PROPN PROPN PROPN PROPN PROPN PROPN NOUN PROPN PROPN PRON ADJ NOUN ADP PROPN PROPN PUNCT 
لندن اردو پوائنٹ تاز ترین اخبار 10 دسمبر 2014ء ئرلینڈ کرکٹ بورڈ نے سٹارز جنوبی افریقہ کے کپتان اور مایہ ,PROPN PROPN PROPN PROPN ADJ NOUN PROPN PROPN PROPN PROPN PROPN PROPN ADP PROPN PROPN PROPN ADP NOUN CCONJ PROPN 
لاہورکلچرل رپورٹر ماضی کے مقبول ہیرو فلم ساز سہیل خان نے کہا کہ ہے کہ ایک فلم ضرار کی عکسبندی ,NOUN NOUN PROPN ADP ADJ NOUN NOUN PROPN PROPN PROPN ADP VERB SCONJ AUX SCONJ NUM NOUN NOUN ADP NOUN 
کراچی اردو پوائنٹ اخبارتازہ ترین این این ئی 03 جنوری2017ء ڈائریکٹوریٹ اف نیشنل سندھ انسٹیٹیوٹ اف ,PROPN PROPN NOUN NOUN PROPN PROPN PROPN PROPN PROPN PROPN PROPN PROPN PROPN PROPN PROPN VERB 
ممبئیاردو پوائنٹ اخبار تازہ ترین 10 جولائی2015ء اداکار جان ابراہم کو بھارت میں ایک بار پھر جان لینے والی تن� ,PROPN PROPN NOUN ADJ ADJ PROPN PROPN NOUN PROPN PROPN ADP PROPN ADP NUM NOUN PART NOUN VERB ADP VERB 
اسٹریلیا نے جنوبی افریقا کو میچوں کی سیریز کے تیسرے ون ڈے میچ میں وکٹوں سے شکست دے کر سیر ,PROPN ADP PROPN PROPN ADP NOUN ADP NOUN ADP ADJ NOUN NOUN NOUN ADP NOUN ADP NOUN VERB AUX VERB 
لاہورسپورٹس ڈیسکپاکستان کرکٹ ٹیم کے سابق کپتان اور اسپاٹ فکسنگ میں سزا یافتہ سلمان بٹ کی د ,PROPN PROPN PROPN NOUN ADP ADJ NOUN CCONJ NOUN NOUN ADP NOUN PROPN PROPN PROPN VERB VERB 
کراچی اردو پوائنٹ اخبارتازہ ترین اے پی پی 06 فروری2020ء شہید بے نظیر بھٹو انٹرنیشنل ٹینس ٹورنامنٹ کا ,PROPN PROPN NOUN ADJ ADJ PROPN PROPN PROPN PROPN PROPN PROPN PROPN PROPN PROPN NOUN NOUN NOUN ADP 
لاہور سپورٹس رپورٹر قومی کرکٹ ٹیم کے سابق کپتان اور سینئر بلے باز اظہرعلی نے کہا ہے کہ سری ,PROPN PROPN PROPN PROPN NOUN NOUN ADP ADJ NOUN CCONJ ADJ NOUN PROPN PROPN ADP VERB AUX SCONJ PROPN 
لاہور اردو پوائنٹ تازہ ترین اخبار 20 نومبر 2020ء بھارتی اداکار گوہر خان نے بیٹے کی طرف سے لگائے گئے دع ,PROPN PROPN PROPN ADJ ADJ NOUN PROPN PROPN PROPN PROPN NOUN PROPN PROPN ADP NOUN ADP ADP ADP VERB AUX PUNCT 
اسلام باداردو پوائنٹ اخبار تازہ ترین ئی این پی8دسمبر 2012ء افغانستان اور بھارت کی ٹیموں نے اپنی ٹیموں ک ,PROPN PROPN NOUN NOUN ADJ ADJ PROPN PROPN PROPN PROPN PROPN CCONJ PROPN ADP NOUN ADP PRON NOUN PUNCT 
لاہورکلچرل رپورٹراداکارہ عائشہ ثناء نے بھی شادی کرنے کا فیصلہ کر لیا انہوںنے کہاکہ ان کی � ,NOUN NOUN PROPN PROPN ADP PART NOUN VERB ADP NOUN VERB AUX AUX ADV PRON VERB PUNCT 
لاہور نمائندہ سپورٹس قومی کرکٹر سمیع اسلم کا کہنا ہے کہ انھوں نے کراچی میں پی ایس ایل میچز ,PROPN NOUN NOUN ADJ NOUN PROPN PROPN ADP VERB VERB SCONJ PRON ADP PROPN ADP PROPN PROPN PROPN NOUN 
لاہور کامرس رپورٹر مرکنٹائل ایکسچینج میں گزشتہ روز 14 750 لاٹ کے سودے ارب 23 کروڑ 90 لاکھ 60 ہزار سو رو� ,PROPN PROPN PROPN PROPN PROPN ADP ADJ NOUN NUM NUM NOUN ADP NOUN NUM NUM NUM NUM NUM NUM NUM NUM PUNCT 
ممبئی اردو پوائنٹ اخبارتازہ ترین لائن 01 اپریل2020ء بولی وڈ اداکار عرفان خان کی ان کی گرل فرینڈ اور بی ج� ,PROPN PROPN NOUN ADJ ADJ NOUN PROPN PROPN PROPN PROPN NOUN PROPN PROPN ADP PRON ADP NOUN NOUN CCONJ PROPN PROPN 
فیروزوالا نامہ نگار شاہدرہ چوک ایک ٹان پلروالا نے روڈ پر بہاریہ غائب شاہدرہ تویثیق کرکے اسکا ت� ,PROPN PROPN PROPN PROPN PROPN NUM PROPN PROPN ADP NOUN ADP ADJ ADJ ADJ NOUN VERB AUX PUNCT 
اسلام باد سپورٹس ڈیسک تجارت وصنعت کے بارے میں وزارت کھیل نے ئی بی اے کی متعلقہ ایف بی ار کو ای ,PROPN PROPN PROPN PROPN NOUN PROPN ADP ADP ADP NOUN NOUN ADP PROPN PROPN PROPN ADP ADJ PROPN PROPN PROPN ADP VERB 
بیجنگ اردو پوائنٹ اخبارتازہ ترین ئی این پی27 مئی2016ء چین کا ٹریژری بانڈ فیوچرز پیر کو اضافے پر بن ,PROPN PROPN NOUN NOUN ADJ PROPN PROPN PROPN PROPN PROPN ADP ADJ NOUN NOUN PROPN ADP NOUN ADP VERB 
لاہور سٹاف رپورٹر وفاقی وزیر پیٹرولیم شاہد خاقان عباسی کا کہنا ہے کہ وزیراعظم عمران خان نے اپن ,PROPN NOUN NOUN ADJ NOUN NOUN PROPN PROPN PROPN ADP VERB VERB SCONJ PROPN PROPN PROPN ADP VERB 
فلم میں رومانوی کردار بہترین مرض کی بجائے جوانی میں رکھا ہے عرفان خان فوٹو فائل ممبئیبالی وڈ کی ڈ ,NOUN ADP ADJ NOUN ADJ NOUN ADP PART NOUN ADP VERB AUX PROPN PROPN NOUN NOUN PROPN PROPN ADP PUNCT 
سوئی سدرن گیس کمپنی نے دیامیر بھاشا اور مہمند ڈیمز کی تعمیر کے لئے بھی سی این جی کی سپلائ� ,NOUN NOUN NOUN NOUN ADP PROPN PROPN CCONJ NOUN NOUN ADP NOUN ADP ADP PART PROPN PROPN PROPN VERB VERB 
جدہ پی پی ائی سعودی عرب نے مزید 30 ملین سعودی ارامکو کے پیکیج سے متعلق عالمی معیارات پر کئے جانیوالے ,PROPN PROPN PROPN PROPN PROPN PROPN ADP ADJ NUM NUM PROPN NOUN ADP NOUN ADP ADJ ADJ NOUN ADP VERB AUX 
لندن ائی این پیانگلش پریمیئر لیگ فٹبال میں مانچسٹر یونائٹیڈ نے چیلسی کے خلاف تین گول کر دئی ,PROPN PROPN PROPN PROPN PROPN PROPN PROPN ADP PROPN PROPN ADP PROPN ADP ADP NUM NOUN VERB AUX 
لاہوراردو پوائنٹ اخبارتازہ ترین این این ئی 15 اکتوبر2017ء ائی سی سی ایلیٹ پینل میں شامل جنوبی افریقی ا ,PROPN PROPN PROPN PROPN PROPN PROPN PROPN PROPN PROPN PROPN PROPN PROPN PROPN NOUN ADP ADJ ADJ ADJ PUNCT 
پشاوراردو پوائنٹ اخبارتازہ ترین این این ئی 17 اپریل2017ءڈپٹی کمشنر پشاور ڈاکٹر اسماعیل شاہ نے کہا ,PROPN PROPN PROPN PROPN PROPN PROPN PROPN PROPN PROPN NOUN NOUN NOUN PROPN PROPN ADP VERB 
لاہورمانیٹرنگ ڈیسک پاکستانی بیٹسمین یونس خان نے کینیڈا میں مسٹر پاکستان بنانے کا اعزاز حاصل کرل ,NOUN NOUN ADJ NOUN PROPN PROPN ADP PROPN ADP PART PROPN VERB ADP NOUN NOUN VERB 
فیصل اباد اردو پوائنٹ اخبارتازہ ترین اے پی پی 07 جنوری2019ء پہلا ال پاکستان ٹیکسٹائل پراسیسنگ ملز ایسوسی ا ,PROPN PROPN PROPN NOUN NOUN ADJ PROPN PROPN PROPN PROPN PROPN ADJ PROPN PROPN PROPN PROPN PROPN PROPN PUNCT 
دبئیویب ڈیسک ائی سی سی نے نئی ٹیسٹ رینکنگ جاری کردی جس میں پاکستان کے بابر اعظم کی رینکنگ ,PROPN PROPN PROPN PROPN PROPN ADP ADJ NOUN NOUN ADJ VERB PRON ADP PROPN ADP PROPN PROPN ADP VERB 
لاہور کامرس رپورٹر لاہور چیمبر کامرس اینڈ انڈسٹری کے صدر الماس حیدر اور سینئر نائب صدر خواجہ شہزاد ن ,PROPN PROPN PROPN PROPN PROPN PROPN PROPN PROPN ADP NOUN PROPN PROPN CCONJ ADJ NOUN NOUN PROPN PROPN VERB 
کراچی اسپورٹس ڈیسک سابق بھارتی اوپننگ بلے باز گوتم گمبھیر کی اپنے کامیاب کیریئر کے بعد ان ,PROPN PROPN PROPN ADJ PROPN NOUN NOUN NOUN PROPN PROPN ADP PRON ADJ NOUN ADP ADP PRON 
لاہورسپورٹس رپورٹر نمائندہ سپورٹس تین ملکی سیریز میں شرکت کے لئے قومی جونیئر ٹیم سکاٹ لینڈ � ,NOUN NOUN PROPN PROPN NUM ADJ NOUN ADP NOUN ADP ADP ADJ NOUN NOUN PROPN PROPN PUNCT 
دبئیسری لنکن کرکٹ بورڈ نے اپنے متنازع بیان دینے پر زمبابوے کرکٹ بورڈ سے رجوع کرلیا ذرائع کے مطا� ,PROPN PROPN PROPN PROPN ADP PRON ADJ NOUN VERB ADP PROPN PROPN PROPN ADP NOUN VERB NOUN ADP VERB 
ممبئی بالی ووڈ اداکارہ کرینہ کپور خان نے فلموں میں کام کرنے سے بال بال بچنے کیلئے سینئر فنکاروں ,PROPN PROPN PROPN PROPN PROPN PROPN PROPN ADP NOUN ADP NOUN VERB ADP NOUN NOUN VERB ADP ADJ NOUN 
لاہور سٹاف رپورٹر پنجاب پولیس نے کراچی کے مقامی ہسپتالوں میں فلائنگ کمپیوٹرائزڈ کردہ دفاتر ا ,PROPN NOUN NOUN PROPN NOUN ADP PROPN ADP ADJ NOUN ADP NOUN NOUN ADP NOUN PUNCT 
لاہور سٹاف رپورٹر چئیرمین ریلویز خواجہ خاور رشید چیمہ نے کہا ہے کہ وزارت ریلوے نے دہشت گ ,PROPN NOUN NOUN NOUN NOUN NOUN NOUN PROPN PROPN ADP VERB AUX SCONJ NOUN NOUN ADP NOUN PUNCT 
ممبئی اردو پوائنٹ اخبارتازہ ترین اے پی پی 11 جنوری2019ء بالی وڈ اداکار راج کمار رائو نے فلم بدری ناتھ کے ت� ,PROPN PROPN NOUN ADJ ADJ PROPN PROPN PROPN PROPN PROPN PROPN PROPN NOUN PROPN PROPN PROPN ADP NOUN PROPN PROPN ADP VERB 
کراچی اردو پوائنٹ اخبارتازہ ترین اے پی پی 18 اپریل2019ء رواں سال کی دوسری سہ ماہی میں شرح نمو میں 31 فیص ,PROPN PROPN NOUN ADJ ADJ PROPN PROPN PROPN PROPN PROPN ADJ NOUN ADP ADJ NOUN NOUN ADP NOUN NOUN ADP NUM VERB 
زرعی ترقیاتی بینک کی جانب سے سعودی عرب کو بین الاقوامی روپے قرض کی ادائیگی کے باوجود کاشتکارو ,ADJ ADJ NOUN ADP ADP ADP PROPN PROPN ADP NOUN NOUN NOUN NOUN ADP NOUN ADP ADP NOUN 
کینبرااردو پوائنٹ اخبارتازہ ترین لائن 06 جنوری2020ء سہ ملکی ٹی 20 انٹرنیشنل کرکٹ سیریز کا فائنل جنوری کو ,PROPN PROPN PROPN PROPN PROPN PROPN PROPN PROPN PROPN PROPN PROPN NOUN NOUN NOUN ADP NOUN PROPN ADP 
لندناردو پوائنٹ تازہ ترین اخبار11مارچ 2019ء قومی ٹیم کے نوجوان فاسٹ بالر شاہین شاہ فریدی نے کہا ہے کہ � ,PROPN PROPN ADJ ADJ PROPN PROPN ADJ NOUN ADP NOUN NOUN NOUN PROPN PROPN PROPN ADP VERB AUX SCONJ PUNCT 
پاکستان کرکٹ بورڈپی سی بی نے جنوبی افریقہ کے خلاف ٹیسٹ سیریز کے لیے 17 رکنی اسکواڈ کا اع ,PROPN PROPN PROPN PROPN PROPN ADP PROPN PROPN ADP ADP NOUN NOUN ADP ADP NUM ADJ NOUN ADP VERB 
لاہورسپورٹس رپورٹر دورہ یورپ کے لیے پاکستان ہاکی ٹیم کا تربیتی کیمپ سے نیشنل ہاکی سٹیڈ� ,NOUN NOUN NOUN PROPN ADP ADP PROPN PROPN NOUN ADP ADJ NOUN ADP ADJ PROPN PROPN 
لاہور میرے خیال میں پی سی بی کی گورننگ باڈی نے پاک بھارت سیریز کیلئے ابھی تک سخت سیکیورٹ� ,PROPN PRON NOUN ADP PROPN PROPN PROPN ADP NOUN NOUN ADP PROPN PROPN NOUN ADP PRON ADP ADJ VERB 
کراچی پاکستان نے والی انتہائی متعدد موبائل بینکوں سے واپس لیے گئے موبائل نیٹ ورک میں واضح مواد حذف نہ ,PROPN PROPN ADP ADP ADV ADJ NOUN NOUN ADP ADJ VERB AUX NOUN NOUN NOUN ADP ADJ NOUN NOUN PART 
لاہور ریڈیو نیوز اداکارہ لیلی زبیری نے کہا ہے کہ میرے خلاف بوتل شروع ہو چکا ہے اور ان کے خل ,PROPN PROPN NOUN NOUN PROPN PROPN ADP VERB AUX SCONJ PRON ADP NOUN NOUN VERB AUX AUX CCONJ PRON ADP ADJ 
ایک ڈان بنیاد پر پیپلز پارٹی کو سننے والوں کے لیے بڑا دھچکا لگا ہے ایک سال سے بھی منافع خور شر ,NUM PROPN NOUN ADP NOUN NOUN ADP VERB ADP ADP ADP ADJ NOUN VERB AUX NUM NOUN ADP PART NOUN NOUN VERB 
اسلام اباد اردو پوائنٹ اخبارتازہ ترین اے پی پی 05 اکتوبر2020ء جولائی 2020ء کے دوران مچھلی اور اس کی مصنوعات کی ,PROPN PROPN PROPN NOUN ADJ ADJ PROPN PROPN PROPN PROPN PROPN PROPN PROPN ADP ADP NOUN CCONJ PRON ADP NOUN VERB 
اسلام اباد اردو پوائنٹ اخبارتازہ ترین این این ئی 02 مئی2018ء مالی سال 2018ء کے دوران بیڈویئر روزگار کے 18 منصوبو� ,PROPN PROPN PROPN PROPN ADJ ADJ PROPN PROPN PROPN PROPN PROPN ADJ NOUN PROPN ADP ADP PROPN NOUN ADP NUM VERB 
سڈنی اردو پوائنٹ اخبارتازہ ترین اے پی پی 12 جنوری2020ء کرکٹ اسٹریلیا نے تصدیق کی ہے کہ اسٹریلیا ,PROPN PROPN NOUN ADJ ADJ PROPN PROPN PROPN PROPN PROPN NOUN PROPN ADP NOUN VERB AUX SCONJ VERB 
ممبئی اردو پوائنٹ اخبار تازہ ترین ئی این پی 16نومبر 2012ء سابق بھارتی کرکٹر اور کپتان سارو گنگولی کا ک� ,PROPN PROPN NOUN NOUN ADJ ADJ PROPN PROPN PROPN PROPN PROPN ADJ PROPN NOUN CCONJ NOUN PROPN PROPN ADP VERB 
برسبین جنوری اے پی پی بال ٹیمپرنگ کیس میں ملوث اسٹریلوی سپنر نیتھن لیون اپنی ئی سی سی ٹیسٹ چی ,PROPN PROPN PROPN PROPN PROPN PROPN PROPN NOUN ADP ADJ NOUN NOUN PROPN PROPN PRON PROPN PROPN PROPN PROPN VERB 
لاہور ڈیلی پاکستان لائن پاکستان کے ڈومیسٹک کرکٹ کے نشریاتی ٹیموں کے لئے اہم سنگ میل عبور ک ,PROPN PROPN PROPN PROPN PROPN ADP NOUN NOUN ADP ADJ NOUN ADP ADP ADJ NOUN NOUN ADJ PUNCT 
پاکستانی خواتین کھلاڑیوں کی انٹری نہیں ہے انٹرنیشنل رینکنگ میں تنزلی پاکستان کی چھٹی � ,ADJ NOUN NOUN ADP NOUN PART AUX NOUN NOUN ADP NOUN PROPN ADP VERB PUNCT 
اسلام باد ڈیلی پاکستان لائن خوبرو ماڈل اور اداکارہ قندیل بلوچ کی جانب سے دی جانے والی عدالت میں ایک اور ت ,PROPN PROPN PROPN PROPN PROPN PROPN PROPN CCONJ PROPN PROPN PROPN ADP ADP ADP VERB AUX ADP NOUN ADP NUM CCONJ ADJ 
ممبئی اے پی پی بالی وڈ اداکار سدھارتھ ملہوترا نے کہا ہے کہ دپیکا پاڈوکون کی زندگی پر بننے والی � ,PROPN PROPN PROPN PROPN PROPN PROPN NOUN PROPN PROPN ADP VERB AUX SCONJ PROPN PROPN ADP NOUN ADP VERB ADP PUNCT 
لاہور ڈیلی پاکستان لائن قومی کرکٹر عماد وسیم کے سوشل میڈ یا پر گردش کرنے والی افواہوں کی تردید � ,PROPN PROPN PROPN PROPN ADJ NOUN PROPN PROPN ADP NOUN PROPN CCONJ ADP NOUN VERB ADP NOUN ADP NOUN VERB 
اسلام اباد اردو پوائنٹ اخبارتازہ ترین اے پی پی 16 مئی2018ء رواں سال 2018ء کی تیسری سہ ماہی میں جنوری تا مارچ ک ,PROPN PROPN PROPN NOUN ADJ ADJ PROPN PROPN PROPN PROPN PROPN ADJ NOUN PROPN ADP ADJ NOUN NOUN ADP PROPN ADP PROPN PUNCT 
نیویارکاردو پوائنٹ اخبارتازہ ترین ئی این پی 17 ستمبر2017ءپاکستانی نژاد برطانوی اداکارہ امر یکی گلوکار ,ADJ NOUN NOUN PROPN PROPN PROPN PROPN PROPN PROPN PROPN ADJ NOUN PROPN PROPN PROPN 
کراچی اسپورٹس رپورٹر روس کی ماریہ شراپوا کو ائندہ ماہ شیڈول سال کے دوسرے گرینڈسلام ٹینس ٹورنامنٹ � ,PROPN PROPN PROPN PROPN ADP PROPN PROPN ADP ADJ NOUN NOUN NOUN ADP ADJ NOUN NOUN NOUN VERB 
نئی دہلی ڈیلی پاکستان لائن بھارتی کرکٹ بورڈ نے کرپشن کے الزام میں سزا پانے والے پلیئرز کے نام ,PROPN PROPN PROPN PROPN PROPN PROPN PROPN PROPN ADP NOUN ADP NOUN ADP NOUN VERB ADP NOUN ADP NOUN 
لاہور کلچرل رپورٹر اقوام متحدہ کی خیر سگالی سفیر اور یونائٹڈ میجر جنرل نیہا لینڈ کے منتظمین نے ,PROPN NOUN NOUN PROPN PROPN ADP NOUN PROPN PROPN CCONJ NOUN NOUN NOUN PROPN PROPN ADP NOUN ADP 
اسلام اباد اردو پوائنٹ اخبارتازہ ترین اے پی پی 11 مارچ2020ء اداکار یاسر حسین نے نظم کے لحاظ سے مداحوں کو ن� ,PROPN PROPN PROPN NOUN ADJ ADJ PROPN PROPN PROPN PROPN PROPN NOUN PROPN PROPN ADP NOUN ADP NOUN ADP NOUN ADP VERB 
کیلی فورنیا سماجی رابطے کی معروف ترین ویب سائٹ فیس بک نے بتایا ہے کہ انتظامیہ کو دوبارہ گرفتا ,PROPN PROPN ADJ NOUN ADP ADJ ADJ NOUN NOUN NOUN NOUN ADP VERB AUX SCONJ NOUN ADP ADV VERB 
کراچیاردو پوائنٹ تازہ ترین اخبارئی این پی 15ستمبر 2013ءامریکی تجارتی خسارے میں کمی کے باوجود امریکہ ,PROPN PROPN ADJ ADJ NOUN PROPN PROPN PROPN PROPN ADJ NOUN ADP NOUN ADP ADP PROPN 
ڈھاکہ ویب ڈیسک قومی ٹیم کے ہیڈ کوچ وقار یونس کا کہنا ہے کہ ٹی ٹوینٹی ورلڈ کپ کی میزبان ,PROPN PROPN PROPN ADJ NOUN ADP NOUN NOUN PROPN PROPN ADP VERB VERB SCONJ PROPN PROPN PROPN PROPN ADP NOUN 
جمیکا اردو پوائنٹ اخبارتازہ ترین این این ئی 01 نومبر2017ءویسٹ انڈیز رواں برس جون میں پہلی مرتبہ ڈے این ,PROPN PROPN PROPN ADJ ADJ PROPN PROPN PROPN PROPN PROPN PROPN ADJ NOUN PROPN ADP ADJ NOUN VERB VERB 
پیرس نوائے وقت نیوز دنیا کے سب سے چھوٹے گھوڑے فرانس میں ایک کار سے مشابہہ ڈونگ ٹو جہاں انسا ,PROPN PROPN NOUN NOUN NOUN ADP PRON ADP ADJ NOUN PROPN ADP NUM NOUN ADP NOUN PROPN PROPN PROPN VERB 
اسلام اباد وفاقی وزیر برائے پاور ڈویژن عمر ایوب اور ڈائریکٹر جنرل انڈسٹریز سردار تنویر الیاس نے کہا ,PROPN PROPN ADJ NOUN ADP NOUN NOUN PROPN PROPN CCONJ NOUN NOUN NOUN NOUN PROPN PROPN ADP VERB 
نئی دہلیصباح نیوز بھارت کا سب سے بڑا ڈومیسٹک ٹورنامنٹ بدھ سے ستمبر تک ممبئی میں ہوگا ٹورنامنٹ م� ,ADJ NOUN PROPN PROPN ADP PRON ADP ADJ NOUN NOUN NOUN ADP PROPN ADP PROPN ADP VERB NOUN PUNCT 
لاہور پاکستان کرکٹ بورڈ نے سابق کپتان اور مایہ ناز رانڈر انضمام الحق کو بیک وقت دورہ انگلینڈ کیل� ,PROPN PROPN PROPN PROPN ADP ADJ NOUN CCONJ PROPN PROPN PROPN PROPN PROPN ADP ADJ NOUN NOUN PROPN VERB 
دبئیئی این پی قومی کر کٹ ٹیم کے کپتان سرفراز احمدنے کہا ہے کہ پاکستان کی ٹی ٹوئنٹی ٹیم ا� ,PROPN PROPN PROPN ADJ VERB PROPN NOUN ADP NOUN PROPN PROPN VERB AUX SCONJ PROPN ADP PROPN PROPN NOUN PUNCT 
برسبیناردو پوائنٹ اخبارتازہ ترین لائن 04 جنوری2018ء ڈیوس کپ ٹائی ورلڈ گروپ ٹو کا پہلا رانڈ شام ساڑھے پان� ,PROPN PROPN PROPN PROPN NOUN PROPN PROPN PROPN PROPN PROPN PROPN NOUN PROPN ADP ADJ NOUN NOUN NUM VERB 
کراچی سونے کی قیمت میں ایک بار پھر اضافہ ہوگیا ہے تفصیلات کے مطابق سونے کی فی تولہ قیمت م� ,PROPN VERB ADP NOUN ADP NUM NOUN PART NOUN VERB AUX NOUN ADP ADP VERB ADP ADP NOUN NOUN VERB 
اسلام اباد اردو پوائنٹ اخبارتازہ ترین این این ئی 11 فروری2019ء اسلام اباد چیمبر اف کامرس اینڈ انڈسٹری کے � ,PROPN PROPN PROPN PROPN NOUN PROPN PROPN PROPN PROPN PROPN PROPN PROPN PROPN PROPN PROPN PROPN PROPN PROPN ADP PUNCT 
ممبئی جسارت نیوزائی سی سی ویمنز ورلڈ ٹی ٹوئنٹی کپ کے سیمی فائنلز اج کھیلے جائینگے اس سلسلے م� ,PROPN PROPN PROPN PROPN PROPN PROPN PROPN PROPN PROPN PROPN ADP NOUN NOUN NOUN VERB AUX DET NOUN PUNCT 
لاہور اردو پوائنٹ تازہ ترین اخبار24اپریل 2020ء پاکستان کرکٹ بورڈ کے چیئر مین احسان مانی نے انٹر نیشنل � ,PROPN PROPN NOUN ADJ ADJ PROPN PROPN PROPN PROPN PROPN ADP NOUN NOUN PROPN PROPN ADP NOUN NOUN VERB 
ایسا لگتا ہے کہ اسمارٹ فونز بنانے والی دنیا کی معروف کمپنی ایپل کا ایسا پلیٹ فارم متعارف کروانے ج ,PRON VERB AUX SCONJ NOUN NOUN VERB ADP NOUN ADP ADJ NOUN NOUN ADP DET NOUN NOUN ADJ VERB PUNCT 
لاہوراردو پوائنٹ تازہ ترین اخبار 25اکتوبر2019ء چئیرمین پی سی بی شہریارخان نے کہاہے کہ کوروناوائرس ک ,PROPN PROPN ADJ ADJ NOUN PROPN NOUN PROPN PROPN PROPN NOUN ADP VERB SCONJ PROPN PUNCT 
ایڈنبرا اردو پوائنٹ اخبارتازہ ترین اے پی پی 11 مئی2019ء اسڑیلیا نے کہا ہے کہ جولائی کے دوران ملک میں ,PROPN PROPN NOUN NOUN ADJ PROPN PROPN PROPN PROPN PROPN PROPN ADP VERB AUX SCONJ PROPN ADP ADP NOUN ADP 
پاکستانی ٹیم اسٹریلیا کے خلاف پہلے کرکٹ ٹیسٹ کی پہلی اننگز میں �یتنبیہ کے ساتھ 13سال بعد سات � ,ADJ NOUN PROPN ADP ADP ADJ NOUN NOUN ADP ADJ NOUN ADP NOUN ADP ADP NUM ADP NUM PUNCT 
کراچی اردو پوائنٹ اخبارتازہ ترین اے پی پی 13 جنوری2017ء نیشنل بنک پاکستان کے صدر طارق جاوید سینیئر نائ ,PROPN PROPN NOUN ADJ ADJ PROPN PROPN PROPN PROPN PROPN PROPN PROPN PROPN ADP NOUN PROPN PROPN ADJ VERB 
میڈرڈاردو پوائنٹ اخبارتازہ ترین لائن 19 اپریل2017ء اسپینش فٹبال چیمپئن لیگ کے سیمی فائنل میں مانچسٹر ,PROPN PROPN PROPN PROPN PROPN PROPN PROPN PROPN PROPN PROPN PROPN ADP NOUN NOUN ADP PROPN 
ممبئی اردو پوائنٹ اخبارتازہ ترین اے پی پی 05 اکتوبر2018ء بالی وڈ ہدایتکار وکاس بہل کی فلم سردار کی بھرپو ,PROPN PROPN NOUN ADJ ADJ PROPN PROPN PROPN PROPN PROPN PROPN PROPN NOUN PROPN PROPN ADP NOUN NOUN VERB VERB 
کراچی اردو پوائنٹ اخبار تازہ ترین4اپریل 2009ء رواں مالی سال 200809ء کے پہلے پانچ ماہ جولائی سے اپریل کے دورا ,PROPN PROPN NOUN NOUN ADJ PROPN PROPN ADJ ADJ NOUN PROPN ADP ADJ NUM NOUN PROPN ADP PROPN ADP VERB 
لندن سپورٹس ڈیسک انگلینڈ کے معروف فٹبالر ڈیوڈ بیکہم کی ایک ویڈیو سوشل میڈیا پر وائرل ہورہی � ,PROPN PROPN PROPN PROPN ADP ADJ NOUN PROPN PROPN ADP NUM NOUN NOUN NOUN ADP ADJ VERB PUNCT 
کراچی ڈیلی پاکستان لائن پاکستان سپر لیگ پی ایس ایل کے تیسرے ایڈیشن کیلئے ٹیموں کے مالکان ن ,PROPN PROPN PROPN PROPN PROPN PROPN PROPN PROPN PROPN PROPN ADP ADJ NOUN ADP NOUN ADP NOUN VERB 
نیویارک نیٹ نیوز دنیا کی سب سے بڑی بادبانی کشتی کے طور پر ایک مکینک نے ایک ایسا روبوٹ تیار ,PROPN PROPN PROPN NOUN ADP PRON ADP ADJ NOUN NOUN ADP ADP ADP NUM NOUN ADP NUM DET NOUN ADJ 
لندن ڈیلی پاکستان لائن پاکستان کرکٹ ٹیم کے مایہ ناز رانڈر شعیب ملک نے کہا ہے کہ جب انجری ہوئی ,PROPN PROPN PROPN PROPN PROPN PROPN NOUN ADP PROPN PROPN PROPN PROPN PROPN ADP VERB AUX SCONJ PRON ADJ VERB 
اسلام باد اے پی پی سارک چیمبر کے سینئر نائب صدر اور نائب صدر منتخب ہو گئے پاکستان میں سارک چیمبرز � ,PROPN PROPN PROPN PROPN PROPN PROPN PROPN ADP ADJ NOUN NOUN CCONJ NOUN NOUN ADJ VERB AUX PROPN ADP PROPN PROPN PUNCT 
فیصل باداردو پوائنٹ اخبار تازہ ترین29 اکتوبر2014 ءحکومت نے اشیائے خوردو نوش کی قیمتوں کو پر لگانے کیل ,PROPN PROPN PROPN NOUN ADJ PROPN PROPN PROPN ADP NOUN NOUN NOUN ADP NOUN ADP ADP VERB VERB 
ممبئی اردو پوائنٹ اخبارتازہ ترین اے پی پی 05 اپریل2018ء بالی وڈ فلمساز بونی کپور نے دستاویزی فلم کے سی� ,PROPN PROPN NOUN ADJ ADJ PROPN PROPN PROPN PROPN PROPN PROPN PROPN NOUN PROPN PROPN ADP ADJ NOUN ADP VERB 
لاہور کامرس رپورٹر مقامی تھوک مارکیٹ میں گذشتہ روز 100 کلو چینی کی بوری کی قیمت میں 100 روپے اضا� ,PROPN PROPN PROPN ADJ NOUN NOUN ADP ADJ NOUN NUM NOUN NOUN ADP NOUN ADP NOUN ADP NUM NOUN VERB 
معروف اداکارہ صوفی ٹرنر کو سگریٹ نوشی کرتے ہوئے تشویشناک حالت میں ڈاکٹرز کے ساتھ تلخ حقت � ,ADJ NOUN PROPN PROPN ADP NOUN NOUN VERB AUX ADJ NOUN ADP NOUN ADP ADP NOUN NOUN VERB 
افغانستان کرکٹ بورڈ کے انتظامی معاملات پر پاکستان اور افغانستان کے درمیان کرکٹ سیریز کا امکان رو ,PROPN PROPN PROPN ADP ADJ NOUN ADP PROPN CCONJ PROPN ADP ADP NOUN NOUN ADP NOUN VERB 
حکومت پنجاب کی جانب سے نئے بنک اکاونٹس کی تعداد بڑھانے کی تجویز سامنے ائی ہے پنجاب حکومت نے ,NOUN PROPN ADP ADP ADP ADJ NOUN NOUN ADP NOUN VERB ADP NOUN ADV VERB AUX PROPN NOUN ADP 
فیصل باد اے پی پی زرعی ماہرین نے شلجم کے کاشتکاروں کو ہدایت کی ہے کہ وہ موسم گرما کی شدت سے � ,PROPN PROPN PROPN PROPN PROPN ADJ NOUN ADP NOUN ADP NOUN ADP NOUN VERB AUX SCONJ PRON NOUN NOUN ADP NOUN ADP VERB 
کیا بتاسکتے ہیں کہ کوئی بیگم نہیں ہے کہ ان سے کبھی وقت گزرا ہے اگر ہاں تو کیا کبھی ,PRON VERB AUX SCONJ PRON NOUN PART AUX SCONJ PRON ADP PRON NOUN VERB AUX SCONJ PRON PART PRON PRON 
لاہورنمائندہ سپورٹسسپورٹس رپورٹر اے سی سی انڈر 19 ایشیا کرکٹ کپ میں پاکستان نے پہلے میچ میں ہ ,PROPN NOUN NOUN PROPN PROPN PROPN PROPN PROPN PROPN PROPN PROPN ADP PROPN ADP ADJ NOUN ADP VERB 
نیویارک 17 اگست اے پی پی امریکی ئل مارکیٹ میں خام تیل کے نرخوں میں اضافہ ہوا جس کی وجہ امریکی ,PROPN PROPN PROPN PROPN PROPN PROPN ADJ NOUN NOUN ADP NOUN NOUN ADP NOUN ADP NOUN VERB PRON ADP ADP ADJ 
اداکارہ سجل علی جلد ہی بہت جلد تینوں فلمی کیریئر کا اغاز کریں گی جس میں وہ خواتین کو اپنی کار ,NOUN PROPN PROPN ADV PART ADV ADV NUM NOUN NOUN ADP NOUN VERB AUX PRON ADP PRON NOUN ADP PRON VERB 
کراچیاسپورٹس رپورٹر پاکستان کے اعصام الحق اور جولین روزے کو انڈورز اوپن ٹینس چیمپئن شپ کے فائ ,PROPN NOUN PROPN ADP PROPN PROPN CCONJ PROPN PROPN ADP PROPN PROPN NOUN PROPN PROPN ADP VERB 
میلبورن اردو پوائنٹ اخبارتازہ ترین اے پی پی 20 جنوری2017ء جان بلیک نے پولش کائونٹی سسیکس کو شکست دے کر ,PROPN PROPN NOUN ADJ ADJ PROPN PROPN PROPN PROPN PROPN PROPN PROPN ADP PROPN PROPN PROPN ADP NOUN VERB AUX 
خیبر ایجنسی لائن صدر مملکت ممنون حسین نے فصلوں کو نقصان پہنچانے کے باعث ائل کمپنی اف پاکستان سے م ,PROPN PROPN PROPN NOUN PROPN PROPN PROPN ADP NOUN ADP NOUN VERB ADP ADP PROPN PROPN PROPN PROPN ADP VERB 
فیروز والہ نامہ نگار دریائے راوی امیروں کے تحفظ کیلئے پاکستان کا بڑا انعامی سکیم راوی امیروں ,PROPN PROPN PROPN PROPN PROPN PROPN NOUN ADP NOUN ADP PROPN ADP ADJ ADJ NOUN NOUN NOUN 
ممبئیاردو پوائنٹ اخبارتازہ ترین این این ئی 12 اکتوبر2016ء بالی ووڈ کی مایہ ناز اداکارہ رانی مکھرجی کی ف ,PROPN PROPN PROPN PROPN PROPN PROPN PROPN PROPN PROPN PROPN PROPN ADP PROPN PROPN PROPN PROPN PROPN VERB PUNCT 
اسلام باد اردو پوائنٹ اخبار تازہ ترین27جولائی 2009ء بھارت کے ارب پتی تاجر روہت شیٹھی نے پاکستان میں زادی ,PROPN PROPN PROPN NOUN NOUN PROPN PROPN PROPN PROPN ADP NUM NOUN NOUN PROPN PROPN ADP PROPN ADP VERB 
سکھرسندھ نے جنوبی وزیرستان کے علاقے میرپور خاص میں یکجہتی کا اظہار کرتے ہوئے تقریبا سال قبل مح ,PROPN ADP PROPN PROPN ADP NOUN PROPN NOUN ADP NOUN ADP NOUN VERB AUX ADJ NOUN ADP PUNCT 
کراچی ڈیلی پاکستان لائن شہر قائد کے صرافہ بازار میں سونے کی فی تولہ قیمت میں 500 روپے کمی ہو گئ ,PROPN PROPN PROPN PROPN NOUN NOUN ADP ADJ NOUN ADP VERB ADP ADP NOUN NOUN ADP NUM NOUN NOUN VERB AUX 
لاہور کلچرل رپورٹر معروف رائٹر اور ڈائریکٹر ڈاکٹر اجمل ملک نے کہا ہے کہ بھارت کے ساتھ زیادہ س ,PROPN NOUN NOUN PROPN NOUN CCONJ NOUN NOUN PROPN PROPN ADP VERB AUX SCONJ PROPN ADP ADP ADJ VERB 
لاہوراردو پوائنٹ اخبارتازہ ترین لائن 30 جولائی2017ء ایشیا کپ میں روایتی حریف بھارت کو شکست دے کر پاکست ,PROPN PROPN PROPN PROPN PROPN PROPN PROPN PROPN PROPN ADP ADJ NOUN PROPN ADP NOUN VERB AUX VERB 
ڈی سی میری لینڈ کے ڈیریکوئیٹ پاورک کے نام پرستصنعتی اوردفاعی نمائش کا اہتمام کیا گیا جس می ,PROPN PROPN PROPN PROPN ADP PROPN PROPN ADP NOUN ADJ ADJ NOUN ADP NOUN VERB AUX PRON VERB 
کراچی این این ائی معروف کرکٹر حنیف محمد کو کراچی میں عید کی مبارکباد دینے پر شاندار خراج عقیدت پ ,PROPN PROPN PROPN PROPN ADJ NOUN PROPN PROPN ADP PROPN ADP NOUN ADP NOUN VERB ADP ADJ NOUN NOUN PUNCT 
لاہور سپورٹس رپورٹر قومی ویمن کرکٹ ٹیم کی سابق کپتان ثنامیر ئی سی سی کی ویمن کرکٹ چیمپئن ش� ,PROPN PROPN PROPN PROPN PROPN PROPN NOUN ADP ADJ NOUN ADJ PROPN PROPN PROPN ADP NOUN NOUN NOUN VERB 
انگلینڈ کرکٹ ٹیم کے سابق فاسٹ بولر بین سٹوکس نے کورونا وائرس سے ہونے والی موت کی تحقیقات کرانے ,PROPN NOUN NOUN ADP ADJ NOUN NOUN PROPN PROPN ADP PROPN PROPN ADP VERB ADP NOUN ADP NOUN VERB 
شارجہ میں کھیلے جا رہے پی ایس ایل تھری میں اپنا پہلا میچ کوئٹہ گلیڈی ایٹرز کیخلاف ک� ,PROPN ADP VERB AUX AUX PROPN PROPN PROPN PROPN ADP PRON ADJ NOUN PROPN PROPN NOUN ADV PUNCT 
صوابی اردو پوائنٹ تازہ ترین اخبار 14فروی 2015ء ینگ پنجگور ڈھیر سوات زاد کشمیر چوہدری محمد یعقوب فتح ع ,ADJ PROPN NOUN ADJ ADJ NOUN PROPN PROPN PROPN PROPN PROPN PROPN PROPN PROPN PROPN PROPN PROPN PROPN PUNCT 
لاہور اردو پوائنٹ اخبارتازہ ترین این این ئی 10 جنوری2018ء لاہور چیمبر کے سینئر نائب صدر الماس حیدر کا کہنا ,PROPN PROPN NOUN ADJ PROPN PROPN PROPN PROPN PROPN PROPN PROPN PROPN ADP ADJ NOUN NOUN PROPN PROPN ADP VERB 
جرمنی کے شہر برلن میں ہزاروں کی تعداد میں دنیا کی سب سے بڑی چوٹی ماونٹ ایورسٹ کی نمائش کا ا� ,PROPN ADP NOUN PROPN ADP NOUN ADP NOUN ADP NOUN ADP PRON ADP ADJ NOUN PROPN PROPN ADP NOUN ADP VERB 
پشاور 92 نیوز اسلام اباد ریجن میں اسٹریلیا سے تعلق رکھنے والے تین کھلاڑیوں کو قائداعظم سپر لیگ م� ,PROPN PROPN PROPN PROPN PROPN PROPN ADP PROPN ADP NOUN VERB ADP NUM NOUN ADP PROPN PROPN PROPN PUNCT 
ممبئی اردو پوائنٹ اخبارتازہ ترین لائن 05 اگست2018ء بالی وڈ اداکار اکشے کمار نے کہا ہے کہ ایکشن فلمبراد ,PROPN PROPN NOUN ADJ ADJ NOUN PROPN PROPN PROPN PROPN NOUN PROPN PROPN ADP VERB AUX SCONJ NOUN VERB 
لاہور اردو پوائنٹ اخبارتازہ ترین این این ئی 24 اپریل2017ء تربیلا منگلا اور چشمہ کے بی ذخائر میں گزشتہ ,PROPN PROPN PROPN NOUN PROPN PROPN PROPN PROPN PROPN PROPN PROPN PROPN CCONJ PROPN ADP PROPN NOUN ADP ADJ 
لاہور کلچرل رپورٹر اداکارہ میزبان ندا یاسر کو شادی کے لئے سپین گئی دیوانی کنیڈا پہنچ گئی � ,PROPN NOUN NOUN PROPN PROPN PROPN PROPN ADP NOUN ADP ADP PROPN AUX PROPN NOUN VERB AUX PUNCT 
لاہور کامرس رپورٹر لاہور چیمبر کامرس اینڈ انڈسٹری کے صدر ملک طاہر جاوید نے کہا کہ تاجر برادری پا ,PROPN PROPN PROPN PROPN PROPN PROPN PROPN PROPN ADP NOUN NOUN PROPN PROPN ADP VERB SCONJ NOUN NOUN VERB 
لندن اردو پوائنٹ اخبارتازہ ترین این این ئی 20 جون2017ء عالمی فٹبال کی عالمی گورننگ باڈی فیفا نے اپنے معطل ,PROPN PROPN PROPN ADJ ADJ PROPN PROPN PROPN PROPN PROPN ADJ NOUN ADP ADJ NOUN NOUN PROPN ADP PRON ADJ 
ویسٹ انڈیز کے سابق کپتان رچی رچرڈسن پاکستان اور ورلڈ الیون کے مابین کھیلے گئے ٹی ٹوئنٹی میچ ,PROPN PROPN ADP ADJ NOUN PROPN PROPN PROPN CCONJ PROPN PROPN ADP ADP VERB AUX PROPN PROPN PROPN 
اسلام باد جون اے پی پی وزارت منصوبہ بندی ترقی اصلاحات نے سرکاری شعبہ کے ترقیاتی پروگراموں میں نیشن ,PROPN PROPN PROPN PROPN PROPN PROPN NOUN NOUN ADJ NOUN NOUN ADP ADJ NOUN ADP ADJ NOUN ADP PROPN 
زندگی صدیوں سے ہی بیمار ہوتی تھی سب سے اوپر اگئی سائنس فکشن اور میک اپ کی کامیابی تک کا س� ,NOUN NOUN ADP PART ADJ VERB AUX PRON ADP ADP NOUN NOUN NOUN CCONJ NOUN PROPN ADP NOUN ADP ADP VERB 
مشہور مزاحیہ اداکار رنویر سنگھ خر کار اپنے خوابوں کی تعبیر حاصل کرنے کے لیے کافی تیار ہیں ف ,ADJ ADJ NOUN PROPN PROPN ADJ NOUN PRON NOUN ADP NOUN NOUN VERB ADP ADP ADV ADJ VERB PUNCT 
کراچیویب ڈیسکاینکر پرسن وجاہت اللہ واسطی کا کہنا ہے کہ میں نے اپنے فن کو ایک نئی جدت اور حق� ,PROPN PROPN PROPN PROPN PROPN PROPN ADP VERB VERB SCONJ PRON ADP PRON NOUN ADP NUM ADJ NOUN CCONJ VERB 
بیونس ئرس نوائے وقت نیوز ارجنٹائن کے دار الحکومت بیونس ئرس میں چمڑے کا سب سے بڑا بچہ ہرمنٹک گڑی ,PROPN PROPN PROPN NOUN PROPN PROPN ADP ADJ NOUN PROPN PROPN ADP NOUN ADP PRON ADP ADJ NOUN ADJ VERB 
اسلام اباد اردو پوائنٹ اخبارتازہ ترین اے پی پی 19 مارچ2017ء وزیراعظم کے مشیر برائے پٹرولیم قدرتی وسائل شاہد � ,PROPN PROPN PROPN NOUN ADJ ADJ PROPN PROPN PROPN PROPN PROPN PROPN ADP NOUN PROPN NOUN ADJ NOUN ADJ PUNCT 
کراچی سابق بلے باز محسن حسن خان کا کہنا ہے کہ سرفراز احمد میں تھوڑی سے بہترین انتخاب تھا لیکن ا ,PROPN ADJ NOUN NOUN PROPN PROPN PROPN ADP VERB VERB SCONJ PROPN PROPN ADP ADJ ADP ADJ NOUN AUX CCONJ PUNCT 
اسٹیٹ بینک اف پاکستان نے یکم جولائی 2020ء سے پرانے ڈیزائن کے نوٹوں کی قانونی حیثیت ختم کرنے ک ,PROPN PROPN PROPN PROPN ADP PROPN PROPN PROPN ADP ADJ NOUN ADP NOUN ADP ADJ NOUN ADJ VERB PUNCT 
مشہور جنوبی افریقی فاسٹ بولر ڈیل اسٹین کا بولنگ ایکشن ٹیسٹ ہوگیا مشہور جنوبی افریقی اسٹین ,ADJ ADJ ADJ NOUN NOUN PROPN PROPN ADP NOUN NOUN NOUN VERB ADJ ADJ ADJ VERB 
لاہور ڈیلی پاکستان لائن سری لنکا کے خلاف ٹیسٹ سیریز کیلئے قومی ٹیم کا اعلان کر دیا گیا ہے ت ,PROPN PROPN PROPN PROPN PROPN PROPN ADP ADP NOUN NOUN ADP ADJ NOUN ADP NOUN VERB AUX AUX AUX PUNCT 
لاہوراردو پوائنٹ اخبار تازہ ترین21جولائی 2009ء پاکستان کرکٹ بورڈ نے وضاحت کی ہے کہ وہ انڈین پریمئر ل� ,PROPN PROPN NOUN PROPN PROPN PROPN PROPN PROPN PROPN ADP NOUN VERB AUX SCONJ PRON PROPN PROPN PUNCT 
لاہوراردو پوائنٹ اخبار تازہ ترین9دسمبر2006ء پاکستان کرکٹ بورڈ کی دوسری ملاقات ہونے جارہی ہے ذرائع کے م ,PROPN PROPN NOUN PROPN PROPN PROPN PROPN PROPN ADP ADJ NOUN VERB AUX AUX NOUN ADP VERB 
لاہور پاکستان کرکٹ ٹیم کے سابق فاسٹ بالر شعیب اختر نے سارا دن کورونا ٹیسٹ مثبت انے کی وجہ بتا دی سما� ,PROPN PROPN PROPN NOUN ADP ADJ NOUN NOUN PROPN PROPN ADP ADJ NOUN PROPN NOUN ADJ VERB ADP ADP VERB AUX PUNCT 
لاہور اردو پوائنٹ تازہ ترین اخبار27جولائی 2020ء پاکستان کرکٹ ٹیم کے سابق کپتان سلیم ملک کا کہنا ہے ک ,PROPN PROPN NOUN ADJ ADJ PROPN PROPN PROPN NOUN NOUN ADP ADJ NOUN PROPN NOUN ADP VERB VERB PUNCT 
کراچی پاکستانی گلوکار عاطف اسلم نے جانوروں کے تحفظ کے لیے ایک بار پھر خصوصی پیغام جاری کی ,PROPN ADJ NOUN PROPN PROPN ADP NOUN ADP NOUN ADP ADP NUM NOUN PART ADJ NOUN ADJ VERB 
کراچی اسپورٹس رپورٹر کے سی سی اے زونکے زیر اہتمام منعقدہ ال کراچی جشن ازادی عبدالحق میموریل کر � ,PROPN PROPN PROPN ADP PROPN PROPN PROPN PROPN ADP NOUN ADJ PROPN PROPN NOUN PROPN PROPN PROPN VERB PUNCT 
لاہورسپورٹس رپورٹر پاکستان ٹی ٹونٹی ٹیم کے کپتان بابر اعظم نے کہا ہے کہ اگر زمبابوے کو تیسرا � ,PROPN PROPN PROPN PROPN PROPN NOUN ADP NOUN PROPN PROPN ADP VERB AUX SCONJ SCONJ PROPN ADP ADJ VERB 
اسلام اباد اردو پوائنٹ اخبارتازہ ترین اے پی پی 26 جنوری2020ء اداکارہ مہوش حیات کے گانے چمکیلی سے بھرا � ,PROPN PROPN PROPN NOUN ADJ ADJ PROPN PROPN PROPN PROPN PROPN NOUN PROPN PROPN ADP NOUN NOUN ADP VERB PUNCT 
گوگل پلس کی ٹیکنالوجی سے لیس چوتھی ایپلی کیشن میں ڈیجیٹل اسسٹنٹ پیکجز متعارف کرادیا گ� ,NOUN NOUN ADP NOUN ADP ADJ ADJ NOUN NOUN ADP NOUN NOUN NOUN ADJ VERB PUNCT 
اسلام اباد اسپورٹس رپورٹرانٹرنیشنل کرکٹ کونسل نے ئی سی سی میں پاکستان اور سری لنکا کے درمیان ہون ,PROPN PROPN PROPN NOUN NOUN PROPN ADP PROPN PROPN PROPN ADP PROPN CCONJ PROPN PROPN ADP ADP VERB 
ابو ظہبی سپورٹس ڈیسک تجربہ کار سری لنکن بلے باز کمار سنگاکارا نے ورلڈ کپ کے مستقبل کے حوالے سے � ,PROPN PROPN PROPN NOUN NOUN PROPN PROPN PROPN PROPN PROPN PROPN PROPN ADP PROPN PROPN ADP NOUN ADP ADP ADP VERB 
ممبئی ایک ہفتہ قبل ہی بالی ووڈ کے دبنگ اداکار سلمان خان کی فلم بھارت میں دو سالہ دوستی کے واقعے ک ,PROPN NUM NOUN ADP PART PROPN PROPN ADP PROPN PROPN PROPN PROPN ADP NOUN PROPN ADP NUM ADJ NOUN ADP NOUN PUNCT 
لاہور ڈیلی پاکستان لائن سپاٹ فکسنگ کیس میں سزا یافتہ کرکٹر ناصر جمشید کے وکیل کی جانب سے جار ,PROPN PROPN PROPN PROPN PROPN PROPN NOUN ADP NOUN ADJ NOUN PROPN PROPN ADP NOUN ADP ADP ADP VERB 
مانچسٹر ڈیلی پاکستان لائن ئی سی سی ورلڈکپ 2019 ءکے پہلے سیمی فائنل میچ میں بھارت نے جنوبی افریقہ ,PROPN PROPN PROPN PROPN PROPN PROPN PROPN PROPN PROPN PROPN ADJ NOUN NOUN NOUN ADP PROPN ADP PROPN PROPN 
لاہور سپورٹس رپورٹر سافٹ بال ورلڈ کپ کے لئے قومی سینئر ٹیم کا اعلان کردیا گیا ہے پہلا ٹرائلز ٹ ,PROPN PROPN PROPN PROPN PROPN PROPN PROPN ADP ADP ADJ ADJ NOUN ADP NOUN VERB AUX AUX ADJ NOUN VERB 
ٹوکیو اردو پوائنٹ اخبارتازہ ترین اے پی پی 03 اکتوبر2017ء ایشیاء کی بیشتر سٹاک مارکیٹس میں منگل کو ح� ,PROPN PROPN NOUN ADJ ADJ PROPN PROPN PROPN PROPN PROPN PROPN ADP ADJ NOUN NOUN ADP PROPN ADP VERB 
پاکستان فلم اور ڈرامہ انڈسٹری کی معروف اداکارہ مہوش حیات نے ایک اور خوبصورت فوٹو شوٹ کروایا جس می� ,PROPN NOUN CCONJ PROPN PROPN ADP ADJ NOUN PROPN PROPN ADP NUM ADJ ADJ NOUN NOUN VERB PRON VERB 
اسلام اباد اردو پوائنٹ اخبارتازہ ترین اے پی پی 28 جنوری2017ء پاکستان کرکٹ بورڈ کے زیراہتمام جاری قائداعظم ,PROPN PROPN PROPN NOUN ADJ ADJ PROPN PROPN PROPN PROPN PROPN PROPN NOUN PROPN ADP NOUN ADJ NOUN 
سنگا پور اردو پوائنٹ اخبارتازہ ترین اے پی پی 16 جولائی2018ء ایشیاء کی بیشتر سٹاک مارکیٹس میں کاروباری ,PROPN PROPN PROPN NOUN ADJ ADJ PROPN PROPN PROPN PROPN PROPN PROPN ADP ADJ NOUN NOUN ADP VERB 
کراچی اردو پوائنٹ اخبارتازہ ترین این این ئی 04 اپریل2020ءایف پی سی سی ائی بزنس مین پینل کے سینئر وائس ,PROPN PROPN PROPN NOUN PROPN PROPN PROPN PROPN PROPN PROPN PROPN PROPN PROPN PROPN NOUN NOUN NOUN ADP ADJ NOUN 
کراچی اردوپوائنٹ اخبا تازہ ترین29 فروری2008 کاروباری ہفتے کے دوسرے روز منگل کو روپے کی نسبت ڈالر کی ,PROPN PROPN PROPN ADJ PROPN PROPN ADJ NOUN ADP ADJ NOUN PROPN ADP NOUN ADP NOUN NOUN VERB 
قصور26 دسمبراردو پوائنٹ اخبارتازہ ترین اے پی پی 26 دسمبر2017ءپاکستان دنیا کے سب سے بڑے اورمقبول کمپیوٹر ,PROPN PROPN PROPN NOUN ADJ PROPN PROPN PROPN PROPN PROPN NOUN ADP PRON ADP ADJ NOUN NOUN 
کراچیکامرس ڈیسکابو ظہبی ٹریڈ کمیٹی کے چیئرمین متحدہ عرب امارات کے کمرشل سیکٹر ڈویلپمنٹ ,PROPN PROPN PROPN PROPN PROPN ADP NOUN PROPN PROPN PROPN ADP NOUN NOUN NOUN 
وینس ولیمز نے فائنل میں انجری کے باوجود کینیڈا کی کوئی کلیئر نہیں اسکی فوٹو سوشل میڈیا ٹو ,PROPN PROPN ADP NOUN ADP PROPN ADP ADP PROPN ADP PRON NOUN PART VERB NOUN NOUN NOUN VERB 
لاہور خصوصی نامہ نگارلاہور ڈویلپمنٹ اتھارٹی کے ٹائون پلاننگ ونگ کے عملے نے گزشتہ روز مسلم لی� ,PROPN ADJ PROPN PROPN PROPN PROPN ADP NOUN NOUN PROPN ADP NOUN ADP ADJ NOUN ADJ VERB 
